--
-- PostgreSQL database dump
--

-- Dumped from database version 16.2 (Debian 16.2-1.pgdg120+2)
-- Dumped by pg_dump version 16.2 (Debian 16.2-1.pgdg120+2)

SET statement_timeout = 0;
SET lock_timeout = 0;
SET idle_in_transaction_session_timeout = 0;
SET client_encoding = 'UTF8';
SET standard_conforming_strings = on;
SELECT pg_catalog.set_config('search_path', '', false);
SET check_function_bodies = false;
SET xmloption = content;
SET client_min_messages = warning;
SET row_security = off;

SET default_tablespace = '';

SET default_table_access_method = heap;

--
-- Name: Documentos_documento; Type: TABLE; Schema: public; Owner: root
--

CREATE TABLE public."Documentos_documento" (
    id bigint NOT NULL,
    nombre character varying(200) NOT NULL,
    fecha_inicio timestamp with time zone NOT NULL,
    revisador_id integer NOT NULL,
    aprobador_id integer NOT NULL,
    estado character varying(50) NOT NULL,
    fecha_finalizacion timestamp with time zone,
    consecutivo character varying(50) NOT NULL,
    extension character varying(10) NOT NULL,
    comentarios text NOT NULL,
    id_linea_id bigint NOT NULL,
    id_responsable_id integer NOT NULL,
    id_plantilla_id bigint NOT NULL,
    revision_documento character varying(50),
    revision_de_plantilla character varying(50)
);


ALTER TABLE public."Documentos_documento" OWNER TO root;

--
-- Name: Documentos_documento_id_seq; Type: SEQUENCE; Schema: public; Owner: root
--

ALTER TABLE public."Documentos_documento" ALTER COLUMN id ADD GENERATED BY DEFAULT AS IDENTITY (
    SEQUENCE NAME public."Documentos_documento_id_seq"
    START WITH 1
    INCREMENT BY 1
    NO MINVALUE
    NO MAXVALUE
    CACHE 1
);


--
-- Name: Documentos_documentobloqueado; Type: TABLE; Schema: public; Owner: root
--

CREATE TABLE public."Documentos_documentobloqueado" (
    id bigint NOT NULL,
    nomenclatura character varying(100) NOT NULL,
    fecha date NOT NULL,
    estado character varying(100) NOT NULL,
    codigo_identificacion character varying(200) NOT NULL,
    intentos_descarga integer NOT NULL,
    id_responsable_id integer NOT NULL
);


ALTER TABLE public."Documentos_documentobloqueado" OWNER TO root;

--
-- Name: Documentos_documentobloqueado_id_seq; Type: SEQUENCE; Schema: public; Owner: root
--

ALTER TABLE public."Documentos_documentobloqueado" ALTER COLUMN id ADD GENERATED BY DEFAULT AS IDENTITY (
    SEQUENCE NAME public."Documentos_documentobloqueado_id_seq"
    START WITH 1
    INCREMENT BY 1
    NO MINVALUE
    NO MAXVALUE
    CACHE 1
);


--
-- Name: Documentos_formatospermitidos; Type: TABLE; Schema: public; Owner: root
--

CREATE TABLE public."Documentos_formatospermitidos" (
    id bigint NOT NULL,
    "Tipo_de_documento" character varying(50) NOT NULL,
    "Extencion" character varying(50) NOT NULL
);


ALTER TABLE public."Documentos_formatospermitidos" OWNER TO root;

--
-- Name: Documentos_formatospermitidos_id_seq; Type: SEQUENCE; Schema: public; Owner: root
--

ALTER TABLE public."Documentos_formatospermitidos" ALTER COLUMN id ADD GENERATED BY DEFAULT AS IDENTITY (
    SEQUENCE NAME public."Documentos_formatospermitidos_id_seq"
    START WITH 1
    INCREMENT BY 1
    NO MINVALUE
    NO MAXVALUE
    CACHE 1
);


--
-- Name: Documentos_historial; Type: TABLE; Schema: public; Owner: root
--

CREATE TABLE public."Documentos_historial" (
    id bigint NOT NULL,
    fecha timestamp with time zone NOT NULL,
    accion text NOT NULL,
    id_documento_id bigint NOT NULL,
    id_responsable_id integer NOT NULL
);


ALTER TABLE public."Documentos_historial" OWNER TO root;

--
-- Name: Documentos_historial_id_seq; Type: SEQUENCE; Schema: public; Owner: root
--

ALTER TABLE public."Documentos_historial" ALTER COLUMN id ADD GENERATED BY DEFAULT AS IDENTITY (
    SEQUENCE NAME public."Documentos_historial_id_seq"
    START WITH 1
    INCREMENT BY 1
    NO MINVALUE
    NO MAXVALUE
    CACHE 1
);


--
-- Name: Documentos_liberacion; Type: TABLE; Schema: public; Owner: root
--

CREATE TABLE public."Documentos_liberacion" (
    id bigint NOT NULL,
    liberacion integer NOT NULL,
    descripcion text NOT NULL
);


ALTER TABLE public."Documentos_liberacion" OWNER TO root;

--
-- Name: Documentos_liberacion_id_seq; Type: SEQUENCE; Schema: public; Owner: root
--

ALTER TABLE public."Documentos_liberacion" ALTER COLUMN id ADD GENERATED BY DEFAULT AS IDENTITY (
    SEQUENCE NAME public."Documentos_liberacion_id_seq"
    START WITH 1
    INCREMENT BY 1
    NO MINVALUE
    NO MAXVALUE
    CACHE 1
);


--
-- Name: Documentos_plantilla; Type: TABLE; Schema: public; Owner: root
--

CREATE TABLE public."Documentos_plantilla" (
    id bigint NOT NULL,
    nombre character varying(100) NOT NULL,
    archivo character varying(500),
    autor character varying(50) NOT NULL,
    revisador character varying(50) NOT NULL,
    aprobador character varying(50) NOT NULL,
    codigo character varying(20) NOT NULL,
    revision_actual integer NOT NULL,
    estado character varying(20) NOT NULL,
    tipo_liberacion_id bigint NOT NULL,
    tipo_de_area character varying(20)
);


ALTER TABLE public."Documentos_plantilla" OWNER TO root;

--
-- Name: Documentos_plantilla_id_seq; Type: SEQUENCE; Schema: public; Owner: root
--

ALTER TABLE public."Documentos_plantilla" ALTER COLUMN id ADD GENERATED BY DEFAULT AS IDENTITY (
    SEQUENCE NAME public."Documentos_plantilla_id_seq"
    START WITH 1
    INCREMENT BY 1
    NO MINVALUE
    NO MAXVALUE
    CACHE 1
);


--
-- Name: Entrenamiento_entrenamiento; Type: TABLE; Schema: public; Owner: root
--

CREATE TABLE public."Entrenamiento_entrenamiento" (
    id bigint NOT NULL,
    calificacion double precision,
    fecha timestamp with time zone,
    id_documento_id bigint NOT NULL,
    id_usuario_id integer NOT NULL,
    estado character varying(50)
);


ALTER TABLE public."Entrenamiento_entrenamiento" OWNER TO root;

--
-- Name: Entrenamiento_entrenamiento_id_seq; Type: SEQUENCE; Schema: public; Owner: root
--

ALTER TABLE public."Entrenamiento_entrenamiento" ALTER COLUMN id ADD GENERATED BY DEFAULT AS IDENTITY (
    SEQUENCE NAME public."Entrenamiento_entrenamiento_id_seq"
    START WITH 1
    INCREMENT BY 1
    NO MINVALUE
    NO MAXVALUE
    CACHE 1
);


--
-- Name: Entrenamiento_entrenamientopuestonomenclatura; Type: TABLE; Schema: public; Owner: root
--

CREATE TABLE public."Entrenamiento_entrenamientopuestonomenclatura" (
    id bigint NOT NULL,
    estado character varying(50) NOT NULL,
    fecha_registro timestamp with time zone NOT NULL,
    nomenclatura character varying(100) NOT NULL,
    id_puesto_id bigint NOT NULL,
    id_unidad_negocio_id bigint
);


ALTER TABLE public."Entrenamiento_entrenamientopuestonomenclatura" OWNER TO root;

--
-- Name: Entrenamiento_entrenamientopuestonomenclatura_id_seq; Type: SEQUENCE; Schema: public; Owner: root
--

ALTER TABLE public."Entrenamiento_entrenamientopuestonomenclatura" ALTER COLUMN id ADD GENERATED BY DEFAULT AS IDENTITY (
    SEQUENCE NAME public."Entrenamiento_entrenamientopuestonomenclatura_id_seq"
    START WITH 1
    INCREMENT BY 1
    NO MINVALUE
    NO MAXVALUE
    CACHE 1
);


--
-- Name: Entrenamiento_firma; Type: TABLE; Schema: public; Owner: root
--

CREATE TABLE public."Entrenamiento_firma" (
    id bigint NOT NULL,
    firma timestamp with time zone,
    id_documento_id bigint NOT NULL,
    id_liberador_id integer
);


ALTER TABLE public."Entrenamiento_firma" OWNER TO root;

--
-- Name: Entrenamiento_firma_id_seq; Type: SEQUENCE; Schema: public; Owner: root
--

ALTER TABLE public."Entrenamiento_firma" ALTER COLUMN id ADD GENERATED BY DEFAULT AS IDENTITY (
    SEQUENCE NAME public."Entrenamiento_firma_id_seq"
    START WITH 1
    INCREMENT BY 1
    NO MINVALUE
    NO MAXVALUE
    CACHE 1
);


--
-- Name: Usuarios_area; Type: TABLE; Schema: public; Owner: root
--

CREATE TABLE public."Usuarios_area" (
    id bigint NOT NULL,
    area character varying(100) NOT NULL
);


ALTER TABLE public."Usuarios_area" OWNER TO root;

--
-- Name: Usuarios_area_id_seq; Type: SEQUENCE; Schema: public; Owner: root
--

ALTER TABLE public."Usuarios_area" ALTER COLUMN id ADD GENERATED BY DEFAULT AS IDENTITY (
    SEQUENCE NAME public."Usuarios_area_id_seq"
    START WITH 1
    INCREMENT BY 1
    NO MINVALUE
    NO MAXVALUE
    CACHE 1
);


--
-- Name: Usuarios_departamento; Type: TABLE; Schema: public; Owner: root
--

CREATE TABLE public."Usuarios_departamento" (
    id bigint NOT NULL,
    departamento character varying(200) NOT NULL,
    id_area_id bigint NOT NULL
);


ALTER TABLE public."Usuarios_departamento" OWNER TO root;

--
-- Name: Usuarios_departamento_id_seq; Type: SEQUENCE; Schema: public; Owner: root
--

ALTER TABLE public."Usuarios_departamento" ALTER COLUMN id ADD GENERATED BY DEFAULT AS IDENTITY (
    SEQUENCE NAME public."Usuarios_departamento_id_seq"
    START WITH 1
    INCREMENT BY 1
    NO MINVALUE
    NO MAXVALUE
    CACHE 1
);


--
-- Name: Usuarios_linea; Type: TABLE; Schema: public; Owner: root
--

CREATE TABLE public."Usuarios_linea" (
    id bigint NOT NULL,
    nombre_linea character varying(50) NOT NULL,
    codigo_linea character varying(50),
    area_id bigint
);


ALTER TABLE public."Usuarios_linea" OWNER TO root;

--
-- Name: Usuarios_linea_id_seq; Type: SEQUENCE; Schema: public; Owner: root
--

ALTER TABLE public."Usuarios_linea" ALTER COLUMN id ADD GENERATED BY DEFAULT AS IDENTITY (
    SEQUENCE NAME public."Usuarios_linea_id_seq"
    START WITH 1
    INCREMENT BY 1
    NO MINVALUE
    NO MAXVALUE
    CACHE 1
);


--
-- Name: Usuarios_perfilusuario; Type: TABLE; Schema: public; Owner: root
--

CREATE TABLE public."Usuarios_perfilusuario" (
    id bigint NOT NULL,
    no_empleado character varying(20) NOT NULL,
    estado character varying(10) NOT NULL,
    user_id integer NOT NULL
);


ALTER TABLE public."Usuarios_perfilusuario" OWNER TO root;

--
-- Name: Usuarios_perfilusuario_id_seq; Type: SEQUENCE; Schema: public; Owner: root
--

ALTER TABLE public."Usuarios_perfilusuario" ALTER COLUMN id ADD GENERATED BY DEFAULT AS IDENTITY (
    SEQUENCE NAME public."Usuarios_perfilusuario_id_seq"
    START WITH 1
    INCREMENT BY 1
    NO MINVALUE
    NO MAXVALUE
    CACHE 1
);


--
-- Name: Usuarios_puesto; Type: TABLE; Schema: public; Owner: root
--

CREATE TABLE public."Usuarios_puesto" (
    id bigint NOT NULL,
    descripcion_general character varying(100) NOT NULL,
    tipo character varying(40) NOT NULL,
    por_unidad_negocio_id bigint NOT NULL,
    id_departamento_id bigint NOT NULL
);


ALTER TABLE public."Usuarios_puesto" OWNER TO root;

--
-- Name: Usuarios_puesto_id_seq; Type: SEQUENCE; Schema: public; Owner: root
--

ALTER TABLE public."Usuarios_puesto" ALTER COLUMN id ADD GENERATED BY DEFAULT AS IDENTITY (
    SEQUENCE NAME public."Usuarios_puesto_id_seq"
    START WITH 1
    INCREMENT BY 1
    NO MINVALUE
    NO MAXVALUE
    CACHE 1
);


--
-- Name: Usuarios_unidadnegocio; Type: TABLE; Schema: public; Owner: root
--

CREATE TABLE public."Usuarios_unidadnegocio" (
    id bigint NOT NULL,
    unidad_negocio character varying(100) NOT NULL,
    "gerente_Calidad" integer,
    gerente_ingenieria integer,
    gerente_produccion integer
);


ALTER TABLE public."Usuarios_unidadnegocio" OWNER TO root;

--
-- Name: Usuarios_unidadnegocio_id_seq; Type: SEQUENCE; Schema: public; Owner: root
--

ALTER TABLE public."Usuarios_unidadnegocio" ALTER COLUMN id ADD GENERATED BY DEFAULT AS IDENTITY (
    SEQUENCE NAME public."Usuarios_unidadnegocio_id_seq"
    START WITH 1
    INCREMENT BY 1
    NO MINVALUE
    NO MAXVALUE
    CACHE 1
);


--
-- Name: Usuarios_usuariopuesto; Type: TABLE; Schema: public; Owner: root
--

CREATE TABLE public."Usuarios_usuariopuesto" (
    id bigint NOT NULL,
    puesto_id bigint NOT NULL,
    usuario_id integer NOT NULL
);


ALTER TABLE public."Usuarios_usuariopuesto" OWNER TO root;

--
-- Name: Usuarios_usuariopuesto_id_seq; Type: SEQUENCE; Schema: public; Owner: root
--

ALTER TABLE public."Usuarios_usuariopuesto" ALTER COLUMN id ADD GENERATED BY DEFAULT AS IDENTITY (
    SEQUENCE NAME public."Usuarios_usuariopuesto_id_seq"
    START WITH 1
    INCREMENT BY 1
    NO MINVALUE
    NO MAXVALUE
    CACHE 1
);


--
-- Name: auth_group; Type: TABLE; Schema: public; Owner: root
--

CREATE TABLE public.auth_group (
    id integer NOT NULL,
    name character varying(150) NOT NULL
);


ALTER TABLE public.auth_group OWNER TO root;

--
-- Name: auth_group_id_seq; Type: SEQUENCE; Schema: public; Owner: root
--

ALTER TABLE public.auth_group ALTER COLUMN id ADD GENERATED BY DEFAULT AS IDENTITY (
    SEQUENCE NAME public.auth_group_id_seq
    START WITH 1
    INCREMENT BY 1
    NO MINVALUE
    NO MAXVALUE
    CACHE 1
);


--
-- Name: auth_group_permissions; Type: TABLE; Schema: public; Owner: root
--

CREATE TABLE public.auth_group_permissions (
    id bigint NOT NULL,
    group_id integer NOT NULL,
    permission_id integer NOT NULL
);


ALTER TABLE public.auth_group_permissions OWNER TO root;

--
-- Name: auth_group_permissions_id_seq; Type: SEQUENCE; Schema: public; Owner: root
--

ALTER TABLE public.auth_group_permissions ALTER COLUMN id ADD GENERATED BY DEFAULT AS IDENTITY (
    SEQUENCE NAME public.auth_group_permissions_id_seq
    START WITH 1
    INCREMENT BY 1
    NO MINVALUE
    NO MAXVALUE
    CACHE 1
);


--
-- Name: auth_permission; Type: TABLE; Schema: public; Owner: root
--

CREATE TABLE public.auth_permission (
    id integer NOT NULL,
    name character varying(255) NOT NULL,
    content_type_id integer NOT NULL,
    codename character varying(100) NOT NULL
);


ALTER TABLE public.auth_permission OWNER TO root;

--
-- Name: auth_permission_id_seq; Type: SEQUENCE; Schema: public; Owner: root
--

ALTER TABLE public.auth_permission ALTER COLUMN id ADD GENERATED BY DEFAULT AS IDENTITY (
    SEQUENCE NAME public.auth_permission_id_seq
    START WITH 1
    INCREMENT BY 1
    NO MINVALUE
    NO MAXVALUE
    CACHE 1
);


--
-- Name: auth_user; Type: TABLE; Schema: public; Owner: root
--

CREATE TABLE public.auth_user (
    id integer NOT NULL,
    password character varying(128) NOT NULL,
    last_login timestamp with time zone,
    is_superuser boolean NOT NULL,
    username character varying(150) NOT NULL,
    first_name character varying(150) NOT NULL,
    last_name character varying(150) NOT NULL,
    email character varying(254) NOT NULL,
    is_staff boolean NOT NULL,
    is_active boolean NOT NULL,
    date_joined timestamp with time zone NOT NULL
);


ALTER TABLE public.auth_user OWNER TO root;

--
-- Name: auth_user_groups; Type: TABLE; Schema: public; Owner: root
--

CREATE TABLE public.auth_user_groups (
    id bigint NOT NULL,
    user_id integer NOT NULL,
    group_id integer NOT NULL
);


ALTER TABLE public.auth_user_groups OWNER TO root;

--
-- Name: auth_user_groups_id_seq; Type: SEQUENCE; Schema: public; Owner: root
--

ALTER TABLE public.auth_user_groups ALTER COLUMN id ADD GENERATED BY DEFAULT AS IDENTITY (
    SEQUENCE NAME public.auth_user_groups_id_seq
    START WITH 1
    INCREMENT BY 1
    NO MINVALUE
    NO MAXVALUE
    CACHE 1
);


--
-- Name: auth_user_id_seq; Type: SEQUENCE; Schema: public; Owner: root
--

ALTER TABLE public.auth_user ALTER COLUMN id ADD GENERATED BY DEFAULT AS IDENTITY (
    SEQUENCE NAME public.auth_user_id_seq
    START WITH 1
    INCREMENT BY 1
    NO MINVALUE
    NO MAXVALUE
    CACHE 1
);


--
-- Name: auth_user_user_permissions; Type: TABLE; Schema: public; Owner: root
--

CREATE TABLE public.auth_user_user_permissions (
    id bigint NOT NULL,
    user_id integer NOT NULL,
    permission_id integer NOT NULL
);


ALTER TABLE public.auth_user_user_permissions OWNER TO root;

--
-- Name: auth_user_user_permissions_id_seq; Type: SEQUENCE; Schema: public; Owner: root
--

ALTER TABLE public.auth_user_user_permissions ALTER COLUMN id ADD GENERATED BY DEFAULT AS IDENTITY (
    SEQUENCE NAME public.auth_user_user_permissions_id_seq
    START WITH 1
    INCREMENT BY 1
    NO MINVALUE
    NO MAXVALUE
    CACHE 1
);


--
-- Name: django_admin_log; Type: TABLE; Schema: public; Owner: root
--

CREATE TABLE public.django_admin_log (
    id integer NOT NULL,
    action_time timestamp with time zone NOT NULL,
    object_id text,
    object_repr character varying(200) NOT NULL,
    action_flag smallint NOT NULL,
    change_message text NOT NULL,
    content_type_id integer,
    user_id integer NOT NULL,
    CONSTRAINT django_admin_log_action_flag_check CHECK ((action_flag >= 0))
);


ALTER TABLE public.django_admin_log OWNER TO root;

--
-- Name: django_admin_log_id_seq; Type: SEQUENCE; Schema: public; Owner: root
--

ALTER TABLE public.django_admin_log ALTER COLUMN id ADD GENERATED BY DEFAULT AS IDENTITY (
    SEQUENCE NAME public.django_admin_log_id_seq
    START WITH 1
    INCREMENT BY 1
    NO MINVALUE
    NO MAXVALUE
    CACHE 1
);


--
-- Name: django_content_type; Type: TABLE; Schema: public; Owner: root
--

CREATE TABLE public.django_content_type (
    id integer NOT NULL,
    app_label character varying(100) NOT NULL,
    model character varying(100) NOT NULL
);


ALTER TABLE public.django_content_type OWNER TO root;

--
-- Name: django_content_type_id_seq; Type: SEQUENCE; Schema: public; Owner: root
--

ALTER TABLE public.django_content_type ALTER COLUMN id ADD GENERATED BY DEFAULT AS IDENTITY (
    SEQUENCE NAME public.django_content_type_id_seq
    START WITH 1
    INCREMENT BY 1
    NO MINVALUE
    NO MAXVALUE
    CACHE 1
);


--
-- Name: django_migrations; Type: TABLE; Schema: public; Owner: root
--

CREATE TABLE public.django_migrations (
    id bigint NOT NULL,
    app character varying(255) NOT NULL,
    name character varying(255) NOT NULL,
    applied timestamp with time zone NOT NULL
);


ALTER TABLE public.django_migrations OWNER TO root;

--
-- Name: django_migrations_id_seq; Type: SEQUENCE; Schema: public; Owner: root
--

ALTER TABLE public.django_migrations ALTER COLUMN id ADD GENERATED BY DEFAULT AS IDENTITY (
    SEQUENCE NAME public.django_migrations_id_seq
    START WITH 1
    INCREMENT BY 1
    NO MINVALUE
    NO MAXVALUE
    CACHE 1
);


--
-- Name: django_session; Type: TABLE; Schema: public; Owner: root
--

CREATE TABLE public.django_session (
    session_key character varying(40) NOT NULL,
    session_data text NOT NULL,
    expire_date timestamp with time zone NOT NULL
);


ALTER TABLE public.django_session OWNER TO root;

--
-- Name: entrenamiento_entrenamiento; Type: TABLE; Schema: public; Owner: root
--

CREATE TABLE public.entrenamiento_entrenamiento (
    id bigint NOT NULL,
    calificacion double precision NOT NULL,
    fecha timestamp with time zone NOT NULL,
    id_documento_id bigint NOT NULL,
    id_usuario_id integer NOT NULL
);


ALTER TABLE public.entrenamiento_entrenamiento OWNER TO root;

--
-- Name: entrenamiento_entrenamiento_id_seq; Type: SEQUENCE; Schema: public; Owner: root
--

ALTER TABLE public.entrenamiento_entrenamiento ALTER COLUMN id ADD GENERATED BY DEFAULT AS IDENTITY (
    SEQUENCE NAME public.entrenamiento_entrenamiento_id_seq
    START WITH 1
    INCREMENT BY 1
    NO MINVALUE
    NO MAXVALUE
    CACHE 1
);


--
-- Name: entrenamiento_entrenamientopuestonomenclatura; Type: TABLE; Schema: public; Owner: root
--

CREATE TABLE public.entrenamiento_entrenamientopuestonomenclatura (
    id bigint NOT NULL,
    estado character varying(50) NOT NULL,
    fecha_registro timestamp with time zone NOT NULL,
    nomenclatura character varying(100) NOT NULL,
    id_puesto_id bigint NOT NULL,
    id_unidad_negocio_id bigint NOT NULL
);


ALTER TABLE public.entrenamiento_entrenamientopuestonomenclatura OWNER TO root;

--
-- Name: entrenamiento_entrenamientopuestonomenclatura_id_seq; Type: SEQUENCE; Schema: public; Owner: root
--

ALTER TABLE public.entrenamiento_entrenamientopuestonomenclatura ALTER COLUMN id ADD GENERATED BY DEFAULT AS IDENTITY (
    SEQUENCE NAME public.entrenamiento_entrenamientopuestonomenclatura_id_seq
    START WITH 1
    INCREMENT BY 1
    NO MINVALUE
    NO MAXVALUE
    CACHE 1
);


--
-- Name: entrenamiento_firma; Type: TABLE; Schema: public; Owner: root
--

CREATE TABLE public.entrenamiento_firma (
    id bigint NOT NULL,
    liberador integer NOT NULL,
    firma timestamp with time zone NOT NULL,
    id_documento_id bigint NOT NULL
);


ALTER TABLE public.entrenamiento_firma OWNER TO root;

--
-- Name: entrenamiento_firma_id_seq; Type: SEQUENCE; Schema: public; Owner: root
--

ALTER TABLE public.entrenamiento_firma ALTER COLUMN id ADD GENERATED BY DEFAULT AS IDENTITY (
    SEQUENCE NAME public.entrenamiento_firma_id_seq
    START WITH 1
    INCREMENT BY 1
    NO MINVALUE
    NO MAXVALUE
    CACHE 1
);


--
-- Data for Name: Documentos_documento; Type: TABLE DATA; Schema: public; Owner: root
--

COPY public."Documentos_documento" (id, nombre, fecha_inicio, revisador_id, aprobador_id, estado, fecha_finalizacion, consecutivo, extension, comentarios, id_linea_id, id_responsable_id, id_plantilla_id, revision_documento, revision_de_plantilla) FROM stdin;
6	Prueba formato (7).docx	2024-04-28 00:42:44.062311+00	26	25	APROBADO	2024-05-16 01:35:37.308371+00	0	docx	Prueba de formato 3	2	1	1	01	1
1	Prueba formato.docx	2024-04-07 08:35:34+00	2	2	OBSOLETO	2024-05-29 19:58:05.422907+00	1	.docx	Documento dado de alta manualmente	2	1	1	00	0
11	Ayuda visual de produccion .docx	2024-05-29 07:50:43.039675+00	10	34	APROBADO	2024-05-29 08:00:13.726924+00	1	docx	aqui se implementa ayuda visual de produccion 	6	1	4	00	2
21	Prueba formato.docx	2024-05-29 20:00:00.315313+00	25	31	APROBADO	2024-05-29 20:03:30.616183+00	1	docx	prueba de formato 	2	40	1	01	0
7	Ayuda visual calidad.docx	2024-05-24 23:46:23.550573+00	2	10	OBSOLETO	2024-05-25 02:57:02.885157+00	1	docx	 Cambio de documento de calidad	5	22	4	00	2
8	Ayuda visual calidad.docx	2024-05-25 03:39:51.358166+00	32	34	APROBADO	2024-05-27 22:28:54.259193+00	1	docx	se cambio nueva revision	5	11	4	01	2
10	Formato de prueba de produccion.docx	2024-05-29 06:57:25.749877+00	25	24	OBSOLETO	2024-05-29 07:05:38.910291+00	1	docx	cambio en el formato de produccion	8	1	1	00	0
2	guia prueba.docx	2024-04-07 19:59:52+00	2	9	APROBADO	2024-04-07 19:59:52+00	0	.docx	Documento dado de alta manualmente	6	1	2	00	0
4	ayuda visual.docx	2024-04-28 00:20:15.313272+00	28	33	REVISION	\N	0	docx	Prueba Ayuda visual	2	1	4	00	2
5	Prueba formato.docx	2024-04-28 00:35:09.303168+00	25	24	REVISION	\N	0	docx	Prueba de formato	2	1	1	01	1
23	Formato de produccion de linea 5.docx	2024-05-29 22:01:09.669064+00	25	29	APROBADO	2024-05-29 22:06:38.643274+00	1	docx	Se implemento el cambio de produccion en la linea  5	5	1	1	00	0
19	Formato de Calidad con 5s de area 3.docx	2024-05-29 19:36:24.729687+00	25	29	APROBADO	2024-05-29 19:45:50.305796+00	1	docx	UN FORMATO DE CALIDAD PARA 5S 	6	1	1	00	0
24	Digrama de flujo de produccion linea 6.docx	2024-05-29 22:09:44.158049+00	25	29	APROBADO	2024-05-29 22:09:44.158063+00	0	.docx	Documento dado de alta manualmente	6	11	6	01	1
22	Formato de prueba de produccion.docx	2024-05-29 20:50:24.684342+00	25	31	OBSOLETO	2024-05-29 21:40:11.263871+00	1	docx	prueba de produccion	8	1	1	01	0
25	Formato de prueba de produccion.docx	2024-05-29 22:20:37.993495+00	25	31	APROBADO	2024-05-29 22:23:10.755762+00	1	docx	siguiente revision de formato de prueba de produccion	8	1	1	02	0
\.


--
-- Data for Name: Documentos_documentobloqueado; Type: TABLE DATA; Schema: public; Owner: root
--

COPY public."Documentos_documentobloqueado" (id, nomenclatura, fecha, estado, codigo_identificacion, intentos_descarga, id_responsable_id) FROM stdin;
22	FS-L8 02	2024-05-29	En edición	bb62b73-FS-L8 01 REV. 02 Formato de prueba de produccion.docx	0	1
\.


--
-- Data for Name: Documentos_formatospermitidos; Type: TABLE DATA; Schema: public; Owner: root
--

COPY public."Documentos_formatospermitidos" (id, "Tipo_de_documento", "Extencion") FROM stdin;
2	Archivos de Word office 365	.docx
3	Archivos de Word 2007 a 2010	.doc
4	Archivos de PDF	.pdf
\.


--
-- Data for Name: Documentos_historial; Type: TABLE DATA; Schema: public; Owner: root
--

COPY public."Documentos_historial" (id, fecha, accion, id_documento_id, id_responsable_id) FROM stdin;
2	2024-05-01 03:42:16.380753+00	FIRMADO	6	25
3	2024-05-01 19:06:52.6074+00	FIRMADO	6	26
4	2024-05-01 19:23:08.569603+00	FIRMADO	6	26
5	2024-05-06 02:06:35.285629+00	ENTRENAMIENTO ASIGNADO	6	1
6	2024-05-06 02:06:35.320388+00	ENTRENAMIENTO ASIGNADO	6	1
7	2024-05-07 06:38:08.608256+00	ENTRENAMIENTO FINALIZADO AL 100%	6	25
8	2024-05-15 01:31:04.078393+00	ENTRENAMIENTO APROBADO	6	1
9	2024-05-16 01:35:37.314407+00	DOCUMENTO LIBERADO	6	39
10	2024-05-25 00:35:02.958041+00	FIRMADO	7	2
11	2024-05-25 00:38:13.697058+00	FIRMADO	7	10
12	2024-05-25 00:52:46.662278+00	ENTRENAMIENTO ASIGNADO	7	22
13	2024-05-25 01:08:27.605609+00	ENTRENAMIENTO FINALIZADO AL 100%	7	11
14	2024-05-25 02:34:30.830302+00	ENTRENAMIENTO APROBADO	7	39
15	2024-05-25 03:41:14.783321+00	FIRMADO	8	34
16	2024-05-25 03:41:49.413837+00	FIRMADO	8	32
17	2024-05-25 03:53:10.209039+00	ENTRENAMIENTO ASIGNADO	8	11
18	2024-05-25 03:56:18.768442+00	ENTRENAMIENTO FINALIZADO AL 100%	8	30
19	2024-05-25 03:57:03.432148+00	ENTRENAMIENTO APROBADO	8	39
25	2024-05-29 06:58:28.977022+00	FIRMADO	10	25
26	2024-05-29 06:58:59.496301+00	FIRMADO	10	24
27	2024-05-29 07:00:16.657705+00	ENTRENAMIENTO ASIGNADO	10	1
28	2024-05-29 07:02:51.309123+00	ENTRENAMIENTO FINALIZADO AL 100%	10	19
29	2024-05-29 07:04:05.06381+00	ENTRENAMIENTO APROBADO	10	39
30	2024-05-29 07:52:49.565828+00	FIRMADO	11	34
31	2024-05-29 07:53:25.725764+00	FIRMADO	11	10
32	2024-05-29 07:54:28.13709+00	ENTRENAMIENTO ASIGNADO	11	1
33	2024-05-29 07:57:32.708046+00	ENTRENAMIENTO FINALIZADO AL 100%	11	38
34	2024-05-29 07:58:39.358538+00	ENTRENAMIENTO APROBADO	11	39
40	2024-05-29 19:37:44.488692+00	FIRMADO	19	25
41	2024-05-29 19:38:04.738176+00	FIRMADO	19	29
42	2024-05-29 19:38:43.527024+00	ENTRENAMIENTO ASIGNADO	19	1
43	2024-05-29 19:40:31.531145+00	ENTRENAMIENTO FINALIZADO AL 100%	19	33
44	2024-05-29 19:43:04.061124+00	ENTRENAMIENTO APROBADO	19	39
45	2024-05-29 20:00:26.151332+00	FIRMADO	21	25
46	2024-05-29 20:00:55.189532+00	FIRMADO	21	31
47	2024-05-29 20:01:17.544156+00	ENTRENAMIENTO ASIGNADO	21	40
48	2024-05-29 20:02:32.812798+00	ENTRENAMIENTO FINALIZADO AL 100%	21	19
49	2024-05-29 20:02:54.708092+00	ENTRENAMIENTO APROBADO	21	39
50	2024-05-29 20:55:23.853907+00	FIRMADO	22	25
51	2024-05-29 20:57:05.790185+00	FIRMADO	22	31
52	2024-05-29 20:57:18.992239+00	ENTRENAMIENTO ASIGNADO	22	1
53	2024-05-29 21:31:21.513835+00	ENTRENAMIENTO FINALIZADO AL 100%	22	37
54	2024-05-29 21:31:44.476353+00	ENTRENAMIENTO APROBADO	22	39
55	2024-05-29 22:02:06.596777+00	FIRMADO	23	25
56	2024-05-29 22:02:33.827184+00	FIRMADO	23	29
57	2024-05-29 22:03:03.804985+00	ENTRENAMIENTO ASIGNADO	23	1
58	2024-05-29 22:03:54.108332+00	ENTRENAMIENTO FINALIZADO AL 100%	23	30
59	2024-05-29 22:05:10.186812+00	ENTRENAMIENTO APROBADO	23	39
60	2024-05-29 22:20:51.643594+00	FIRMADO	25	25
61	2024-05-29 22:21:04.02417+00	FIRMADO	25	31
62	2024-05-29 22:21:24.057807+00	ENTRENAMIENTO ASIGNADO	25	1
63	2024-05-29 22:22:26.246219+00	ENTRENAMIENTO FINALIZADO AL 100%	25	28
64	2024-05-29 22:22:43.019156+00	ENTRENAMIENTO APROBADO	25	39
\.


--
-- Data for Name: Documentos_liberacion; Type: TABLE DATA; Schema: public; Owner: root
--

COPY public."Documentos_liberacion" (id, liberacion, descripcion) FROM stdin;
1	1	Liberacion 1
2	2	Liberacion 2
3	3	Liberacion 3
4	4	Liberacion 4
\.


--
-- Data for Name: Documentos_plantilla; Type: TABLE DATA; Schema: public; Owner: root
--

COPY public."Documentos_plantilla" (id, nombre, archivo, autor, revisador, aprobador, codigo, revision_actual, estado, tipo_liberacion_id, tipo_de_area) FROM stdin;
2	GUIAS	rutas/TM-DC_08_REV.03_Guias_Horizontal.docx	Dueño del proceso o su designado	Ingeniero de Sistemas de Gestión	Supervisor de Producción	GL	3	HABILITADO	3	1
4	AYUDA VISUAL	rutas/TM-DC_09_REV.01_Ayuda_visual_vertical.docx	Dueño del proceso o su designado	Supervisor de Producción	Ingeniero de Calidad	VA	2	HABILITADO	3	1
6	DIAGRAMA DE FLUJO	rutas/TM-DC_04_REV.00_Diagrama_de_flujo.docx	Dueño del proceso o su designado	Ingeniero de Sistemas de Gestión	Gerente de Departamento	FC	0	HABILITADO	4	4
1	FORMATOS	rutas/TM-DC_20_REV.01_Plantilla_para_formatos_1.docx	Dueño del proceso o su designado	Gerente de Calidad	Gerente de Departamento	FS	0	HABILITADO	1	1
\.


--
-- Data for Name: Entrenamiento_entrenamiento; Type: TABLE DATA; Schema: public; Owner: root
--

COPY public."Entrenamiento_entrenamiento" (id, calificacion, fecha, id_documento_id, id_usuario_id, estado) FROM stdin;
6	4	2024-05-07 06:34:17.642907+00	6	21	REALIZAR ENTRENAMIENTO
7	4	2024-05-07 06:38:08.592018+00	6	25	REALIZAR ENTRENAMIENTO
5	4	2024-05-07 06:31:24.422095+00	6	1	REALIZAR ENTRENAMIENTO
8	4	2024-05-25 00:57:05.27426+00	7	33	REALIZAR ENTRENAMIENTO
9	4	2024-05-25 01:03:11.042733+00	7	34	REALIZAR ENTRENAMIENTO
10	4	2024-05-25 01:05:29.913357+00	7	19	REALIZAR ENTRENAMIENTO
11	4	2024-05-25 01:08:27.590345+00	7	11	REALIZAR ENTRENAMIENTO
12	4	2024-05-25 03:56:18.749847+00	8	30	REALIZAR ENTRENAMIENTO
15	4	2024-05-29 07:01:58.246567+00	10	30	REALIZAR ENTRENAMIENTO
16	4	2024-05-29 07:02:51.292244+00	10	19	REALIZAR ENTRENAMIENTO
17	4	2024-05-29 07:56:48.663864+00	11	30	REALIZAR ENTRENAMIENTO
18	4	2024-05-29 07:57:32.687943+00	11	38	REALIZAR ENTRENAMIENTO
22	4	2024-05-29 19:40:01.785132+00	19	30	REALIZAR ENTRENAMIENTO
23	4	2024-05-29 19:40:31.514149+00	19	33	REALIZAR ENTRENAMIENTO
24	4	2024-05-29 20:02:32.794433+00	21	19	REALIZAR ENTRENAMIENTO
26	4	2024-05-29 21:30:41.297665+00	22	11	REALIZAR ENTRENAMIENTO
25	4	2024-05-29 21:31:21.455312+00	22	37	REALIZAR ENTRENAMIENTO
27	4	2024-05-29 22:03:54.085702+00	23	30	REALIZAR ENTRENAMIENTO
28	4	2024-05-29 22:22:26.225281+00	25	28	REALIZAR ENTRENAMIENTO
\.


--
-- Data for Name: Entrenamiento_entrenamientopuestonomenclatura; Type: TABLE DATA; Schema: public; Owner: root
--

COPY public."Entrenamiento_entrenamientopuestonomenclatura" (id, estado, fecha_registro, nomenclatura, id_puesto_id, id_unidad_negocio_id) FROM stdin;
1	ACTIVO	2024-05-06 02:06:35.291888+00	FS-L2 00	4	\N
2	ACTIVO	2024-05-06 02:06:35.301279+00	FS-L2 00	4	\N
3	ACTIVO	2024-05-06 02:06:35.30781+00	FS-L2 00	8	\N
5	ACTIVO	2024-05-25 00:43:41.967152+00	VA-L5 01	16	\N
6	ACTIVO	2024-05-25 00:43:41.980846+00	VA-L5 01	17	\N
7	ACTIVO	2024-05-25 00:43:41.986531+00	VA-L5 01	16	\N
8	ACTIVO	2024-05-25 00:43:41.992212+00	VA-L5 01	16	\N
9	ACTIVO	2024-05-25 03:53:10.188042+00	VA-L5 01	13	\N
10	ACTIVO	2024-05-28 02:10:49.264071+00	FC-L4 01	14	\N
11	ACTIVO	2024-05-28 02:10:49.311892+00	FC-L4 01	7	\N
12	ACTIVO	2024-05-29 00:40:02.287004+00	FC-L4 01	4	\N
13	ACTIVO	2024-05-29 00:40:02.293668+00	FC-L4 01	4	\N
14	ACTIVO	2024-05-29 07:00:16.606022+00	FS-L8 01	13	\N
15	ACTIVO	2024-05-29 07:00:16.622345+00	FS-L8 01	16	\N
16	ACTIVO	2024-05-29 07:54:28.099344+00	VA-L6 01	13	\N
17	ACTIVO	2024-05-29 07:54:28.107249+00	VA-L6 01	21	\N
18	ACTIVO	2024-05-29 19:24:48.727179+00	FS-L7 01	14	\N
19	ACTIVO	2024-05-29 19:24:48.743648+00	FS-L7 01	7	\N
20	ACTIVO	2024-05-29 19:24:48.751435+00	FS-L7 01	12	\N
21	ACTIVO	2024-05-29 19:38:43.484418+00	FS-L6 01	13	\N
22	ACTIVO	2024-05-29 19:38:43.495375+00	FS-L6 01	16	\N
23	ACTIVO	2024-05-29 19:44:06.304587+00	FC-L4 01	6	\N
24	ACTIVO	2024-05-29 19:44:06.314407+00	FC-L4 01	2	\N
25	ACTIVO	2024-05-29 20:01:17.517873+00	FS-L2 01	16	\N
26	ACTIVO	2024-05-29 20:57:18.953193+00	FS-L8 01	20	\N
27	ACTIVO	2024-05-29 20:57:18.96074+00	FS-L8 01	16	\N
28	ACTIVO	2024-05-29 22:03:03.776974+00	FS-L5 01	13	\N
29	ACTIVO	2024-05-29 22:18:33.160813+00	FS-L5 01	11	\N
30	ACTIVO	2024-05-29 22:18:33.173582+00	FS-L5 01	15	\N
31	ACTIVO	2024-05-29 22:18:33.182636+00	FS-L5 01	5	\N
32	ACTIVO	2024-05-29 22:21:24.035074+00	FS-L8 01	11	\N
\.


--
-- Data for Name: Entrenamiento_firma; Type: TABLE DATA; Schema: public; Owner: root
--

COPY public."Entrenamiento_firma" (id, firma, id_documento_id, id_liberador_id) FROM stdin;
3	2024-04-28 00:42:44.086475+00	6	1
2	2024-05-01 03:48:44.929997+00	6	25
1	2024-05-01 19:25:58.050047+00	6	26
6	2024-05-24 23:46:23.59329+00	7	22
4	2024-05-25 00:35:02.967763+00	7	2
5	2024-05-25 00:38:13.705309+00	7	10
9	2024-05-25 03:39:51.376282+00	8	11
8	2024-05-25 03:41:14.789982+00	8	34
7	2024-05-25 03:41:49.419289+00	8	32
15	2024-05-29 06:57:25.773137+00	10	1
13	2024-05-29 06:58:28.983793+00	10	25
14	2024-05-29 06:58:59.501758+00	10	24
18	2024-05-29 07:50:43.056122+00	11	1
17	2024-05-29 07:52:49.588194+00	11	34
16	2024-05-29 07:53:25.731623+00	11	10
24	2024-05-29 19:36:24.747007+00	19	1
22	2024-05-29 19:37:44.494957+00	19	25
23	2024-05-29 19:38:04.744916+00	19	29
27	2024-05-29 20:00:00.335205+00	21	40
25	2024-05-29 20:00:26.15782+00	21	25
26	2024-05-29 20:00:55.195896+00	21	31
30	2024-05-29 20:50:24.702119+00	22	1
28	2024-05-29 20:55:23.864053+00	22	25
29	2024-05-29 20:57:05.799369+00	22	31
33	2024-05-29 22:01:09.686851+00	23	1
31	2024-05-29 22:02:06.603137+00	23	25
32	2024-05-29 22:02:33.837144+00	23	29
36	2024-05-29 22:20:38.072703+00	25	1
34	2024-05-29 22:20:51.649244+00	25	25
35	2024-05-29 22:21:04.030437+00	25	31
\.


--
-- Data for Name: Usuarios_area; Type: TABLE DATA; Schema: public; Owner: root
--

COPY public."Usuarios_area" (id, area) FROM stdin;
1	Area 1
2	Area 2
3	Area 3
4	Area 4
5	Departamento
\.


--
-- Data for Name: Usuarios_departamento; Type: TABLE DATA; Schema: public; Owner: root
--

COPY public."Usuarios_departamento" (id, departamento, id_area_id) FROM stdin;
1	Calidad	1
2	Produccion	2
3	Almacen	3
4	Planeacion	4
5	Entrenamiento	5
\.


--
-- Data for Name: Usuarios_linea; Type: TABLE DATA; Schema: public; Owner: root
--

COPY public."Usuarios_linea" (id, nombre_linea, codigo_linea, area_id) FROM stdin;
7	Linea 7	L7	4
8	Linea 8	L8	4
1	Linea 1	L1	1
2	Linea 2	L2	1
3	Linea 3	L3	2
4	Linea 4	L4	2
5	Linea 5	L5	3
6	Linea 6	L6	3
9	Departamento 1	DP1	5
10	Departamento 2	DP2	5
11	Departamento 3	DP3	5
12	Departamento 4	DP4	5
13	Departamento 5	DP5	5
\.


--
-- Data for Name: Usuarios_perfilusuario; Type: TABLE DATA; Schema: public; Owner: root
--

COPY public."Usuarios_perfilusuario" (id, no_empleado, estado, user_id) FROM stdin;
37	14023	ACTIVO	23
36	8520	INACTIVO	22
39	11916	ACTIVO	25
45	13448	ACTIVO	31
1	14055	ACTIVO	1
42	10185	ACTIVO	28
54	10216	ACTIVO	39
40	12043	ACTIVO	26
41	13300	ACTIVO	27
28		ACTIVO	17
33		ACTIVO	20
46	10042	ACTIVO	32
18	11505	ACTIVO	11
52	16002	ACTIVO	37
51	16001	ACTIVO	36
26		INACTIVO	15
13	14057	ACTIVO	8
14		ACTIVO	9
43	11088	ACTIVO	29
29	16002	ACTIVO	18
44	10007	ACTIVO	30
27	16003	ACTIVO	16
35	10346	ACTIVO	21
56	2025	INACTIVO	41
24	10589	INACTIVO	14
48	13395	ACTIVO	34
16	14054	ACTIVO	10
53	13819	ACTIVO	38
38	10058	ACTIVO	24
2	14755	ACTIVO	2
47	11884	ACTIVO	33
55	63451	ACTIVO	40
31	16004	ACTIVO	19
\.


--
-- Data for Name: Usuarios_puesto; Type: TABLE DATA; Schema: public; Owner: root
--

COPY public."Usuarios_puesto" (id, descripcion_general, tipo, por_unidad_negocio_id, id_departamento_id) FROM stdin;
6	Control de Calidad	INDIRECTO	1	1
7	Gerente de Producción	INDIRECTO	1	2
17	Ingeniero de Calidad	INDIRECTO	1	1
18	Operador	DIRECTO	1	2
19	Operador	DIRECTO	1	2
20	Operador	DIRECTO	1	2
21	Coordinador de Entrenamiento	INDIRECTO	1	5
2	Control de Calidad	Empleado	2	1
3	Control de Calidad	Empleado	2	1
8	Gerente de Calidad	INDIRECTO	2	1
16	Ingeniero de Calidad	INDIRECTO	2	1
9	Ingeniero de Sistemas de Gestión	INDIRECTO	3	1
10	Ingeniero de Sistemas de Gestión	INDIRECTO	3	1
11	Supervisor de Producción	DIRECTO	3	2
15	Supervisor de Producción	DIRECTO	3	2
12	Gerente de Ingenieria	INDIRECTO	4	4
14	Gerente de Producción	INDIRECTO	4	2
5	Supervisor de Producción	Administrador	4	2
13	Gerente de Proyectos	INDIRECTO	5	4
4	Almacen	Empleado	5	3
22	Coordinador de Entrenamiento	INDIRECTO	2	5
23	Ingeniero de Calidad	INDIRECTO	3	1
24	Supervisor de Producción	INDIRECTO	5	2
\.


--
-- Data for Name: Usuarios_unidadnegocio; Type: TABLE DATA; Schema: public; Owner: root
--

COPY public."Usuarios_unidadnegocio" (id, unidad_negocio, "gerente_Calidad", gerente_ingenieria, gerente_produccion) FROM stdin;
1	A	\N	\N	\N
2	B	\N	\N	\N
3	C	\N	\N	\N
4	D	\N	\N	\N
5	E	\N	\N	\N
\.


--
-- Data for Name: Usuarios_usuariopuesto; Type: TABLE DATA; Schema: public; Owner: root
--

COPY public."Usuarios_usuariopuesto" (id, puesto_id, usuario_id) FROM stdin;
1	2	17
2	3	17
3	4	21
4	5	22
5	4	1
6	4	14
7	6	23
8	7	24
9	8	25
10	9	26
11	10	27
12	11	28
13	12	29
14	13	30
15	14	31
16	15	32
17	16	33
18	17	34
19	19	36
20	20	37
21	16	11
22	18	18
23	9	2
24	18	16
25	16	19
26	5	10
27	21	38
28	22	39
29	23	40
30	24	41
\.


--
-- Data for Name: auth_group; Type: TABLE DATA; Schema: public; Owner: root
--

COPY public.auth_group (id, name) FROM stdin;
\.


--
-- Data for Name: auth_group_permissions; Type: TABLE DATA; Schema: public; Owner: root
--

COPY public.auth_group_permissions (id, group_id, permission_id) FROM stdin;
\.


--
-- Data for Name: auth_permission; Type: TABLE DATA; Schema: public; Owner: root
--

COPY public.auth_permission (id, name, content_type_id, codename) FROM stdin;
1	Can add log entry	1	add_logentry
2	Can change log entry	1	change_logentry
3	Can delete log entry	1	delete_logentry
4	Can view log entry	1	view_logentry
5	Can add permission	2	add_permission
6	Can change permission	2	change_permission
7	Can delete permission	2	delete_permission
8	Can view permission	2	view_permission
9	Can add group	3	add_group
10	Can change group	3	change_group
11	Can delete group	3	delete_group
12	Can view group	3	view_group
13	Can add user	4	add_user
14	Can change user	4	change_user
15	Can delete user	4	delete_user
16	Can view user	4	view_user
17	Can add content type	5	add_contenttype
18	Can change content type	5	change_contenttype
19	Can delete content type	5	delete_contenttype
20	Can view content type	5	view_contenttype
21	Can add session	6	add_session
22	Can change session	6	change_session
23	Can delete session	6	delete_session
24	Can view session	6	view_session
25	Can add entrenamiento	7	add_entrenamiento
26	Can change entrenamiento	7	change_entrenamiento
27	Can delete entrenamiento	7	delete_entrenamiento
28	Can view entrenamiento	7	view_entrenamiento
29	Can add firma	8	add_firma
30	Can change firma	8	change_firma
31	Can delete firma	8	delete_firma
32	Can view firma	8	view_firma
33	Can add entrenamiento puesto nomenclatura	9	add_entrenamientopuestonomenclatura
34	Can change entrenamiento puesto nomenclatura	9	change_entrenamientopuestonomenclatura
35	Can delete entrenamiento puesto nomenclatura	9	delete_entrenamientopuestonomenclatura
36	Can view entrenamiento puesto nomenclatura	9	view_entrenamientopuestonomenclatura
37	Can add documento bloqueado	10	add_documentobloqueado
38	Can change documento bloqueado	10	change_documentobloqueado
39	Can delete documento bloqueado	10	delete_documentobloqueado
40	Can view documento bloqueado	10	view_documentobloqueado
41	Can add formatos permitidos	11	add_formatospermitidos
42	Can change formatos permitidos	11	change_formatospermitidos
43	Can delete formatos permitidos	11	delete_formatospermitidos
44	Can view formatos permitidos	11	view_formatospermitidos
45	Can add historial	12	add_historial
46	Can change historial	12	change_historial
47	Can delete historial	12	delete_historial
48	Can view historial	12	view_historial
49	Can add documento	13	add_documento
50	Can change documento	13	change_documento
51	Can delete documento	13	delete_documento
52	Can view documento	13	view_documento
53	Can add plantilla	14	add_plantilla
54	Can change plantilla	14	change_plantilla
55	Can delete plantilla	14	delete_plantilla
56	Can view plantilla	14	view_plantilla
57	Can add liberacion	15	add_liberacion
58	Can change liberacion	15	change_liberacion
59	Can delete liberacion	15	delete_liberacion
60	Can view liberacion	15	view_liberacion
61	Can add departamento	16	add_departamento
62	Can change departamento	16	change_departamento
63	Can delete departamento	16	delete_departamento
64	Can view departamento	16	view_departamento
65	Can add usuario puesto	17	add_usuariopuesto
66	Can change usuario puesto	17	change_usuariopuesto
67	Can delete usuario puesto	17	delete_usuariopuesto
68	Can view usuario puesto	17	view_usuariopuesto
69	Can add puesto	18	add_puesto
70	Can change puesto	18	change_puesto
71	Can delete puesto	18	delete_puesto
72	Can view puesto	18	view_puesto
73	Can add unidad negocio	19	add_unidadnegocio
74	Can change unidad negocio	19	change_unidadnegocio
75	Can delete unidad negocio	19	delete_unidadnegocio
76	Can view unidad negocio	19	view_unidadnegocio
77	Can add perfil usuario	20	add_perfilusuario
78	Can change perfil usuario	20	change_perfilusuario
79	Can delete perfil usuario	20	delete_perfilusuario
80	Can view perfil usuario	20	view_perfilusuario
81	Can add area	21	add_area
82	Can change area	21	change_area
83	Can delete area	21	delete_area
84	Can view area	21	view_area
85	Can add linea	22	add_linea
86	Can change linea	22	change_linea
87	Can delete linea	22	delete_linea
88	Can view linea	22	view_linea
89	Can add entrenamiento	23	add_entrenamiento
90	Can change entrenamiento	23	change_entrenamiento
91	Can delete entrenamiento	23	delete_entrenamiento
92	Can view entrenamiento	23	view_entrenamiento
93	Can add entrenamiento puesto nomenclatura	24	add_entrenamientopuestonomenclatura
94	Can change entrenamiento puesto nomenclatura	24	change_entrenamientopuestonomenclatura
95	Can delete entrenamiento puesto nomenclatura	24	delete_entrenamientopuestonomenclatura
96	Can view entrenamiento puesto nomenclatura	24	view_entrenamientopuestonomenclatura
97	Can add firma	25	add_firma
98	Can change firma	25	change_firma
99	Can delete firma	25	delete_firma
100	Can view firma	25	view_firma
\.


--
-- Data for Name: auth_user; Type: TABLE DATA; Schema: public; Owner: root
--

COPY public.auth_user (id, password, last_login, is_superuser, username, first_name, last_name, email, is_staff, is_active, date_joined) FROM stdin;
11	pbkdf2_sha256$720000$1nyDJwTUtNBPkfFOXVnXiR$amz4vg1IEJiGaRJLPcduK0GzTp5KdZn2VinfxJpR2rc=	2024-05-29 21:30:10.28892+00	f	marco.sanchez	Marco	Sanchez	maro.sanchez@gmail.com	f	t	2024-03-20 05:29:25+00
28	pbkdf2_sha256$720000$TW82sFtrFVvTrtNgauQnAN$5k+FVmYh+vkboAnSdNRu0lsiF8cmeFwQf30cc3iTzdw=	2024-05-29 22:21:41.492504+00	f	alexander.lopez	Alexander	Lopez	alexander@gmail.com	f	t	2024-04-27 17:42:00.26901+00
37	pbkdf2_sha256$720000$X6MqMxLjfWjiKxfEuXUw8p$2JAieQBRTlMV1j/6/WRGori+rXWOXvFrMjkb/ou6O70=	2024-05-29 21:30:53.147791+00	f	nohemi.sirerra	Nohemi	Sierra	nohemi@gmail.com	f	t	2024-05-02 01:48:02.965445+00
14	pbkdf2_sha256$720000$oN6WJEwXGQ9sXrmtokW8EZ$REF6+yWZ6xKDL8P+DJQEo7vQwnqVbMDXEvWofgbCFPw=	\N	f	carlos.villegas	Carlos	Villegas	carlos@gmail.com	f	t	2024-03-20 05:51:50+00
23	pbkdf2_sha256$720000$fGyRQSJQzYsM0KWt1Qfx5v$r8vlgP1SzdhhvgF5BA0wSeyqybqNXBrtDjEsa7Q+GFs=	2024-04-25 05:12:27.502741+00	f	brenda.castro	Brenda	Castro	brenda@gmail.com	f	t	2024-04-23 02:41:58.77836+00
36	pbkdf2_sha256$720000$yU4VZC8WftyPxJU1Bvy8kG$f1HLAEBltSYGqDutSypBlGDOsEH5W10Dp2Zgqlj3368=	\N	f	baron.cristina	Baron	Cristina	baron@gmail.com	f	t	2024-05-02 01:46:34.275155+00
21	pbkdf2_sha256$720000$MOiGfYaZlK1y3ocl8y89XF$LYv3a+X7UiQRH5ATVhrHFr7cbg8c2pm35Ql+3fOCPCY=	2024-05-07 06:33:26.312075+00	f	ramon.martinez	Ramon	Martinez	ramon.martinez@gmail.com	f	t	2024-03-21 02:21:49.48192+00
38	pbkdf2_sha256$720000$4TKTYWdKeA119H2VMh45gq$3OpH6ySkSz+fCipHfMhc+u/UstmFSUujZxprSIj5JOQ=	2024-05-29 07:57:18.156195+00	f	evelina.bernal	Evelina	Bernal	evelina@gmail.com	f	t	2024-05-16 00:51:45.43195+00
8	pbkdf2_sha256$720000$GFg1h9CN1jn2tmeuHUD6G1$bTPg/QsU6tznTeJ9Q929xNIsL/8noakwFoyfC6stgnE=	\N	f	juan.perez	Juan	Perez	juan@gmail.com	f	t	2024-03-20 04:19:53+00
9		\N	f	jose.pulido	Jose	Virgen	jose@gmail.com	f	t	2024-03-20 05:22:10.189978+00
15	pbkdf2_sha256$720000$dB1weAr9PTO8USEBn9YGqv$5PXQQYke74cV2HOhzg6QNfUwVicurCSXSLrJ0NK1BeA=	\N	f	carlos.villegas2	Carlos	Villegas	carlos@gmail.com	f	t	2024-03-20 05:53:29.698432+00
17	pbkdf2_sha256$720000$Xtwmy1t2aH9mQ5jMz2wsuL$aJd57UZ87tHMQ1ZU28EG0dOZr+KA0CGdJojoOE+NTJQ=	\N	f	juliete.venegas	Julieta	Venegas	julieta@gmail.com	f	t	2024-03-21 01:59:58.623176+00
20	pbkdf2_sha256$720000$pZLRoEhUMPMb0kUGGWBBqs$jppx9XHqPjQBig4rWSQwTK11+fpjBH7QWhwt8zmOOMY=	\N	f	jorge.marcos	Jorge	Martinez	pedro.infante629@gmail.com	f	t	2024-03-21 02:16:01.135369+00
27	pbkdf2_sha256$720000$Yk8ZitXjxS3acwne82V8Fu$SkAFfyHYy9VNCgMFJf1kQoIUomSssfc25UMFC+7uObA=	\N	f	paola.diaz	Paola	Diaz	paola@gmail.com	f	t	2024-04-27 15:37:03.838176+00
33	pbkdf2_sha256$720000$BwWfNB9km0IaAzg9Rz5Sff$U5Yvsle8tccD9lSRwwAGoGzz+Ufqj5gx1GnOg3N2ETs=	2024-05-29 19:40:14.163588+00	f	grabriela.aguilar	Gabriela	Aguilar	gabriela@gmail.com	f	t	2024-04-27 18:02:15.636756+00
39	pbkdf2_sha256$720000$gQi65SWYcHghMomP4AEWr6$KmGRC2l5OYvfDrG1ZY1wY0FFFxh/p/y4r+p0XpOHeDU=	2024-05-29 22:22:36.054934+00	f	magdalena.orocio	Magdalena	Orocio	magdalena@gmail.com	f	t	2024-05-16 01:32:39.787487+00
18	pbkdf2_sha256$720000$Fc6vpl9SZQWf1rQQJRzPiU$yLAPLJ3MfQtuZR+ni2HTsD1HrFfFe7Ib+oqJv8r6FgA=	\N	f	pedro.infante	Pedro	Infante	pedro.infante@gmail.com	f	t	2024-03-21 02:06:55+00
40	pbkdf2_sha256$720000$t7XGDbgfNYuxCioEjZVPUV$kkDbhKwiF+AtXKRR+3iWz0Ygktsp8UUig9D7FeBCp3I=	2024-05-29 20:01:06.748588+00	f	rodolfo.jimenez	rodolfo	jimenez	rodolfo@gmail.com	f	t	2024-05-29 19:55:22.945897+00
16	pbkdf2_sha256$720000$sUG0FyY9BBz1AtJWNQiHFQ$cQdAvI6k+t/qEzIxRRdmY6xPzaLUAovfrrGshtnmc0k=	\N	f	petra.sauz	Petra	Sauz	petra@gmail.com	f	t	2024-03-20 06:04:28+00
22	pbkdf2_sha256$720000$h5bSA9U3kLQMCnZX0OXeEd$0Yn8p6gT8pzQ27PlIiCnSeuImAwdaBkypq/Od3dxUZw=	2024-05-25 01:09:25.864501+00	f	itzel.rosales	itzel	rosales	itzel.rosales@gmail.com	f	t	2024-03-22 01:28:40.800309+00
19	pbkdf2_sha256$720000$Utj30g79PIUCULxzxUu3i7$BtQkGfgVUfjxWhXO3zxubXSHfeegPSYiFLg0p+Nl6d0=	2024-05-29 20:02:09.8244+00	f	jorge.martinez	Jorge	Martinez	jorge@gmail.com	f	t	2024-03-21 02:08:59+00
41	pbkdf2_sha256$720000$0gfNgvXLrPFGDEBy0fsPEj$Tp7efg+vvo9dyzp4/1nfKOfEQHc7FNPv0//GN+IxbH4=	2024-05-29 22:16:09.264438+00	f	jaime.sanchez	Jaime	Sanchez	jaimesanchez@gmail.com	f	t	2024-05-29 22:14:56.350418+00
2	pbkdf2_sha256$720000$8OBRQx9ZOEtNgYrvlJHCmB$go9BS7Zmvu6YWqsbNaYk1uwbB09Ch1diSAr71kGY3Go=	2024-05-24 23:51:04.480146+00	f	andres.gutierrez	andres	Gutierrez	andres@gmail.com	f	t	2024-03-16 06:20:09+00
32	pbkdf2_sha256$720000$nAo0h6r2Zd6GgL5N5zoww8$Lh3Yd26nrHfFlihSa6ayofcCrAFh4IC1gl2b4bmHyZU=	2024-05-25 03:41:33.40357+00	f	ema.velarde	Ema	Velarde	ema@gmail.com	f	t	2024-04-27 17:49:49.476403+00
26	pbkdf2_sha256$720000$bBGnO8tGoZ5jVPDTYoCIem$0flhUlLxKIPNs1Tv9AUPFxkRzKUHHuVhb0lfJDxeyME=	2024-05-29 22:22:51.486978+00	f	francisco.hernandez	Francisco	Hernandez	francisco@gmail.com	f	t	2024-04-27 15:33:28.005878+00
34	pbkdf2_sha256$720000$HCWEcLO0lYb6WYZTcSwu1m$1xKWa7qoKNvh/dXYKEYa5YklSbZisssnQPLG3agKtH8=	2024-05-29 07:52:09.330771+00	f	javier.partida	Javier	Partida	javier@gmail.com	f	t	2024-04-27 18:04:13.907752+00
10	pbkdf2_sha256$720000$ikQabak1U6l0Xv2AlMeNNa$k4cJkGLh9beNJcZv0FYxERCKKeuylIbfPBafOC5fxyE=	2024-05-29 07:53:10.825353+00	f	sofia.martinez	Sofia	Martinez	sofia.martinez@gmail.com	f	t	2024-03-20 05:27:05+00
25	pbkdf2_sha256$720000$ZVHxG5cjiSqUsQcu85SM6B$la0GNrUP/sm5EllL+BPhUr2IY02GQEkByaKxvjj8Jg4=	2024-05-29 22:20:47.381663+00	f	julio.lopez	Julio	Lopez	julio@gmail.com	f	t	2024-04-27 15:29:45.3492+00
31	pbkdf2_sha256$720000$zMvhGpe5XdrMBod6JsQIrP$QwbHmKDk4nVpcJBT6SIFhBQgqThL6ewmKmU11zZ6kNE=	2024-05-29 22:20:58.664163+00	f	gustavo.gaxiola	Gustavo	Gaxiola	gustavo@gmail.com	f	t	2024-04-27 17:48:23.889056+00
29	pbkdf2_sha256$720000$9aIltEtCBb86s2r91IBhb4$pG4R7faeaXbWWL4zl7uPrfujcTUD+ZVsR8SGVKK8o/M=	2024-05-29 22:02:16.193359+00	f	leopoldo.aguilar	Leopoldo	Aguilar	leopoldo@gmail.com	f	t	2024-04-27 17:45:18.922262+00
24	pbkdf2_sha256$720000$gc2mcgXRjvIhZ4fI5aTM0Q$OIDr7mPagG5jo9IRjePdGdOKAbyldqYmMRPVErdvUIw=	2024-05-29 19:29:00.969597+00	f	ivan.sandoval	Ivan	Sandoval	ivan@gmail.com	f	t	2024-04-27 15:27:12.515865+00
30	pbkdf2_sha256$720000$8d0f9ynVCd6U4LwxWP1Yhh$Pr3Ksdoo+b2FuAKpCDBVheHLHYcIuBoX3zI1bBdjfxM=	2024-05-29 22:03:20.685449+00	f	jose.ramirez	Jose	Ramirez	joseluis@gmail.com	f	t	2024-04-27 17:46:46+00
1	pbkdf2_sha256$720000$trnefuDGZNGti3C3kGxEvC$KhOkMH1x5KVoje0wiWNWHjLnYsSma5wHh+X+l1EHLd4=	2024-05-29 22:21:07.216228+00	t	luis.jimenez	Luis	Jimenez	luis.jimenez629@gmail.com	t	t	2024-03-16 04:42:05+00
\.


--
-- Data for Name: auth_user_groups; Type: TABLE DATA; Schema: public; Owner: root
--

COPY public.auth_user_groups (id, user_id, group_id) FROM stdin;
\.


--
-- Data for Name: auth_user_user_permissions; Type: TABLE DATA; Schema: public; Owner: root
--

COPY public.auth_user_user_permissions (id, user_id, permission_id) FROM stdin;
\.


--
-- Data for Name: django_admin_log; Type: TABLE DATA; Schema: public; Owner: root
--

COPY public.django_admin_log (id, action_time, object_id, object_repr, action_flag, change_message, content_type_id, user_id) FROM stdin;
1	2024-03-16 06:20:09.423248+00	2	andres.gutierrez	1	[{"added": {}}]	4	1
2	2024-03-16 06:24:48.391155+00	2	andres.gutierrez	2	[{"changed": {"name": "perfil usuario", "object": " ", "fields": ["No empleado", "Estado"]}}]	4	1
3	2024-03-16 06:24:57.267759+00	2	andres.gutierrez	2	[]	4	1
4	2024-03-16 06:25:31.913306+00	2	andres.gutierrez	2	[{"changed": {"fields": ["First name", "Last name", "Email address", "Last login"]}}]	4	1
5	2024-03-20 04:19:53.348077+00	8	juan.perez	1	[{"added": {}}]	4	1
6	2024-03-20 04:20:19.224148+00	8	juan.perez	2	[{"changed": {"fields": ["First name", "Last name", "Email address"]}}, {"changed": {"name": "perfil usuario", "object": "Juan Perez", "fields": ["No empleado", "Estado"]}}]	4	1
7	2024-03-20 06:23:11.442725+00	1	Area 1	1	[{"added": {}}]	21	1
8	2024-03-20 06:23:17.800592+00	2	Area 2	1	[{"added": {}}]	21	1
9	2024-03-20 06:23:21.831465+00	3	Area 3	1	[{"added": {}}]	21	1
10	2024-03-20 06:23:25.296571+00	4	Area 4	1	[{"added": {}}]	21	1
11	2024-03-20 06:24:09.782542+00	1	Calidad	1	[{"added": {}}]	16	1
12	2024-03-20 06:24:27.316893+00	2	Produccion	1	[{"added": {}}]	16	1
13	2024-03-20 06:24:38.436728+00	3	Almacen	1	[{"added": {}}]	16	1
14	2024-03-20 06:24:45.4774+00	4	Planeacion	1	[{"added": {}}]	16	1
15	2024-03-20 06:27:34.895406+00	1	Industria	1	[{"added": {}}]	22	1
16	2024-03-20 06:27:39.97159+00	1	Industrial	2	[{"changed": {"fields": ["Nombre linea"]}}]	22	1
17	2024-03-20 06:27:58.404159+00	1	Linea 1	2	[{"changed": {"fields": ["Nombre linea"]}}]	22	1
18	2024-03-20 06:28:05.04733+00	2	Linea 2	1	[{"added": {}}]	22	1
19	2024-03-20 06:28:09.258212+00	3	Linea 3	1	[{"added": {}}]	22	1
20	2024-03-20 06:28:12.554485+00	4	Linea 4	1	[{"added": {}}]	22	1
21	2024-03-20 06:28:16.721518+00	5	Linea 5	1	[{"added": {}}]	22	1
22	2024-03-20 06:28:20.321703+00	6	Linea 6	1	[{"added": {}}]	22	1
23	2024-03-22 03:04:24.829833+00	1	luis.jimenez	2	[{"changed": {"fields": ["First name", "Last name"]}}]	4	1
24	2024-03-22 03:09:10.366697+00	1	luis.jimenez	2	[{"added": {"name": "usuario puesto", "object": "UsuarioPuesto object (5)"}}]	4	1
25	2024-03-27 03:30:41.97318+00	1	Liberacion 1	1	[{"added": {}}]	15	1
26	2024-03-27 03:30:51.257033+00	2	Liberacion 2	1	[{"added": {}}]	15	1
27	2024-03-27 03:31:00.306651+00	3	Liberacion 3	1	[{"added": {}}]	15	1
28	2024-03-27 03:31:10.253194+00	4	Liberacion 4	1	[{"added": {}}]	15	1
29	2024-03-27 04:06:40.539693+00	1	FORMATOS	1	[{"added": {}}]	14	1
30	2024-03-27 04:14:31.06604+00	2	GUIAS	1	[{"added": {}}]	14	1
31	2024-03-27 04:15:21.948735+00	2	GUIAS	2	[{"changed": {"fields": ["Aprobador"]}}]	14	1
32	2024-03-27 04:16:57.399291+00	3	PROCEDIMIENTO	1	[{"added": {}}]	14	1
33	2024-03-27 04:18:46.402082+00	4	AYUDA VISUAL	1	[{"added": {}}]	14	1
34	2024-04-07 05:21:11.608537+00	2	Archivos de Word office 365	1	[{"added": {}}]	11	1
35	2024-04-07 05:21:33.264158+00	3	Archivos de Word 2007 a 2010	1	[{"added": {}}]	11	1
36	2024-04-07 05:22:27.969667+00	4	Archivos de PDF	1	[{"added": {}}]	11	1
37	2024-04-07 06:23:56.550055+00	4	Archivos de PDF	2	[]	11	1
38	2024-04-07 18:25:41.652377+00	6	Linea 6	2	[{"changed": {"fields": ["Codigo linea"]}}]	22	1
39	2024-04-07 18:25:46.59943+00	5	Linea 5	2	[{"changed": {"fields": ["Codigo linea"]}}]	22	1
40	2024-04-07 18:25:51.225518+00	4	Linea 4	2	[{"changed": {"fields": ["Codigo linea"]}}]	22	1
41	2024-04-07 18:25:56.672959+00	3	Linea 3	2	[{"changed": {"fields": ["Codigo linea"]}}]	22	1
42	2024-04-07 18:26:01.594284+00	2	Linea 2	2	[{"changed": {"fields": ["Codigo linea"]}}]	22	1
43	2024-04-07 18:26:06.742153+00	1	Linea 1	2	[{"changed": {"fields": ["Codigo linea"]}}]	22	1
44	2024-04-07 20:30:04.055051+00	14	carlos.villegas	2	[{"changed": {"name": "perfil usuario", "object": "Carlos Villegas", "fields": ["No empleado"]}}, {"added": {"name": "usuario puesto", "object": "UsuarioPuesto object (6)"}}]	4	1
45	2024-04-08 03:40:35.018587+00	1	Prueba formato	2	[{"changed": {"fields": ["Extension"]}}]	13	1
46	2024-04-08 03:54:35.076759+00	5	PLANTILLA	1	[{"added": {}}]	14	1
47	2024-04-08 04:05:05.732963+00	1	FORMATOS	2	[]	14	1
48	2024-04-09 04:02:07.277119+00	7	Linea 7	1	[{"added": {}}]	22	1
49	2024-04-09 04:02:19.308773+00	8	Linea 8	1	[{"added": {}}]	22	1
50	2024-04-09 04:02:26.082166+00	1	Linea 1	2	[{"changed": {"fields": ["Area"]}}]	22	1
51	2024-04-09 04:02:30.336126+00	2	Linea 2	2	[{"changed": {"fields": ["Area"]}}]	22	1
52	2024-04-09 04:02:33.663894+00	3	Linea 3	2	[{"changed": {"fields": ["Area"]}}]	22	1
53	2024-04-09 04:02:36.372869+00	4	Linea 4	2	[{"changed": {"fields": ["Area"]}}]	22	1
54	2024-04-09 04:02:42.281048+00	5	Linea 5	2	[{"changed": {"fields": ["Area"]}}]	22	1
55	2024-04-09 04:02:46.021778+00	6	Linea 6	2	[{"changed": {"fields": ["Area"]}}]	22	1
56	2024-04-10 02:35:37.566215+00	5	Departamento	1	[{"added": {}}]	21	1
57	2024-04-10 02:35:59.319728+00	9	Departamento 1	1	[{"added": {}}]	22	1
58	2024-04-10 02:36:16.165488+00	10	Departamento 2	1	[{"added": {}}]	22	1
59	2024-04-10 02:36:27.82261+00	11	Departamento 3	1	[{"added": {}}]	22	1
60	2024-04-10 02:36:46.412223+00	12	Departamento 4	1	[{"added": {}}]	22	1
61	2024-04-10 02:36:59.526401+00	13	Departamento 5	1	[{"added": {}}]	22	1
62	2024-04-11 01:22:10.153256+00	6	DIAGRAMA DE FLUJO	1	[{"added": {}}]	14	1
63	2024-04-12 02:44:28.320667+00	1	Prueba formato	2	[]	13	1
64	2024-04-12 02:44:52.935289+00	2	guia prueba	2	[]	13	1
65	2024-05-02 01:42:22.981903+00	18	Operador	1	[{"added": {}}]	18	1
66	2024-05-02 01:42:48.907303+00	18	Operador	2	[]	18	1
67	2024-05-05 23:45:59.800388+00	11	marco.sanchez	2	[{"changed": {"name": "perfil usuario", "object": "Marco Sanchez", "fields": ["No empleado"]}}, {"added": {"name": "usuario puesto", "object": "UsuarioPuesto object (21)"}}]	4	1
68	2024-05-05 23:47:46.266585+00	18	pedro.infante	2	[{"changed": {"name": "perfil usuario", "object": "Pedro Infante", "fields": ["No empleado"]}}, {"added": {"name": "usuario puesto", "object": "UsuarioPuesto object (22)"}}]	4	1
69	2024-05-05 23:48:47.42652+00	2	andres.gutierrez	2	[{"added": {"name": "usuario puesto", "object": "UsuarioPuesto object (23)"}}]	4	1
70	2024-05-05 23:49:30.748531+00	16	petra.sauz	2	[{"changed": {"name": "perfil usuario", "object": "Petra Sauz", "fields": ["No empleado"]}}, {"added": {"name": "usuario puesto", "object": "UsuarioPuesto object (24)"}}]	4	1
71	2024-05-05 23:53:18.169621+00	19	jorge.martinez	2	[{"changed": {"name": "perfil usuario", "object": "Jorge Martinez", "fields": ["No empleado"]}}, {"added": {"name": "usuario puesto", "object": "UsuarioPuesto object (25)"}}]	4	1
72	2024-05-05 23:55:30.047807+00	10	sofia.martinez	2	[{"changed": {"name": "perfil usuario", "object": "Sofia Martinez", "fields": ["No empleado"]}}, {"added": {"name": "usuario puesto", "object": "UsuarioPuesto object (26)"}}]	4	1
73	2024-05-06 02:32:10.177027+00	5	Entrenamiento para Usuario: Luis Jimenez con el documento Prueba formato (7).docx	1	[{"added": {}}]	23	1
74	2024-05-06 02:32:44.181945+00	6	Entrenamiento para Usuario: Ramon Martinez con el documento Prueba formato (7).docx	1	[{"added": {}}]	23	1
75	2024-05-06 02:33:02.530472+00	7	Entrenamiento para Usuario: Julio Lopez con el documento Prueba formato (7).docx	1	[{"added": {}}]	23	1
76	2024-05-15 22:58:40.618617+00	5	Departamento	2	[]	21	1
77	2024-05-15 23:00:56.129495+00	5	Entrenamiento	1	[{"added": {}}]	16	1
78	2024-05-16 02:44:33.352023+00	1	A	1	[{"added": {}}]	19	1
79	2024-05-16 02:44:40.221828+00	2	B	1	[{"added": {}}]	19	1
80	2024-05-16 02:44:44.053776+00	3	C	1	[{"added": {}}]	19	1
81	2024-05-16 02:44:53.93564+00	4	D	1	[{"added": {}}]	19	1
82	2024-05-16 02:44:56.559047+00	5	E	1	[{"added": {}}]	19	1
83	2024-05-24 23:50:40.618597+00	2	andres.gutierrez	2	[{"changed": {"fields": ["password"]}}]	4	1
84	2024-05-25 00:36:49.33348+00	10	sofia.martinez	2	[{"changed": {"fields": ["password"]}}]	4	1
85	2024-05-25 01:04:17.872478+00	19	jorge.martinez	2	[{"changed": {"fields": ["Email address"]}}]	4	1
86	2024-05-25 01:06:53.987801+00	11	marco.sanchez	2	[{"changed": {"fields": ["password"]}}]	4	1
87	2024-05-25 03:54:54.432785+00	30	jose.ramirez	2	[{"changed": {"fields": ["Email address"]}}]	4	1
88	2024-05-29 00:17:06.602609+00	5	PLANTILLA	3		14	1
89	2024-05-29 00:17:36.014881+00	3	PROCEDIMIENTO	3		14	1
90	2024-05-29 20:08:56.023772+00	1	luis.jimenez	2	[{"changed": {"name": "perfil usuario", "object": "Luis Jimenez", "fields": ["Estado"]}}]	4	1
\.


--
-- Data for Name: django_content_type; Type: TABLE DATA; Schema: public; Owner: root
--

COPY public.django_content_type (id, app_label, model) FROM stdin;
1	admin	logentry
2	auth	permission
3	auth	group
4	auth	user
5	contenttypes	contenttype
6	sessions	session
7	entrenamiento	entrenamiento
8	entrenamiento	firma
9	entrenamiento	entrenamientopuestonomenclatura
10	Documentos	documentobloqueado
11	Documentos	formatospermitidos
12	Documentos	historial
13	Documentos	documento
14	Documentos	plantilla
15	Documentos	liberacion
16	Usuarios	departamento
17	Usuarios	usuariopuesto
18	Usuarios	puesto
19	Usuarios	unidadnegocio
20	Usuarios	perfilusuario
21	Usuarios	area
22	Usuarios	linea
23	Entrenamiento	entrenamiento
24	Entrenamiento	entrenamientopuestonomenclatura
25	Entrenamiento	firma
\.


--
-- Data for Name: django_migrations; Type: TABLE DATA; Schema: public; Owner: root
--

COPY public.django_migrations (id, app, name, applied) FROM stdin;
1	contenttypes	0001_initial	2024-03-16 04:39:59.731854+00
2	auth	0001_initial	2024-03-16 04:39:59.943148+00
3	admin	0001_initial	2024-03-16 04:40:00.002131+00
4	admin	0002_logentry_remove_auto_add	2024-03-16 04:40:00.013182+00
5	admin	0003_logentry_add_action_flag_choices	2024-03-16 04:40:00.02712+00
6	contenttypes	0002_remove_content_type_name	2024-03-16 04:40:00.048453+00
7	auth	0002_alter_permission_name_max_length	2024-03-16 04:40:00.061897+00
8	auth	0003_alter_user_email_max_length	2024-03-16 04:40:00.073824+00
9	auth	0004_alter_user_username_opts	2024-03-16 04:40:00.08435+00
10	auth	0005_alter_user_last_login_null	2024-03-16 04:40:00.097714+00
11	auth	0006_require_contenttypes_0002	2024-03-16 04:40:00.103897+00
12	auth	0007_alter_validators_add_error_messages	2024-03-16 04:40:00.11595+00
13	auth	0008_alter_user_username_max_length	2024-03-16 04:40:00.142108+00
14	auth	0009_alter_user_last_name_max_length	2024-03-16 04:40:00.153609+00
15	auth	0010_alter_group_name_max_length	2024-03-16 04:40:00.165641+00
16	auth	0011_update_proxy_permissions	2024-03-16 04:40:00.175859+00
17	auth	0012_alter_user_first_name_max_length	2024-03-16 04:40:00.190583+00
18	sessions	0001_initial	2024-03-16 04:40:00.238871+00
19	Usuarios	0001_initial	2024-03-16 05:54:12.395098+00
20	Documentos	0001_initial	2024-03-16 05:54:12.640539+00
21	entrenamiento	0001_initial	2024-03-16 05:54:12.784697+00
22	Usuarios	0002_alter_puesto_por_unidad_negocio_alter_puesto_tipo	2024-03-20 05:23:58.333198+00
23	Usuarios	0003_alter_perfilusuario_estado	2024-03-20 05:24:35.812105+00
24	Usuarios	0004_alter_area_area_alter_departamento_departamento_and_more	2024-03-26 00:29:52.110262+00
25	Documentos	0002_documento_revision_documento_plantilla_tipo_de_area_and_more	2024-03-26 00:29:52.208524+00
26	Documentos	0003_alter_documento_consecutivo_and_more	2024-03-26 02:05:52.679402+00
27	Documentos	0004_alter_plantilla_archivo	2024-03-27 00:15:21.473826+00
28	Documentos	0005_alter_plantilla_aprobador_alter_plantilla_autor_and_more	2024-03-27 00:26:54.273967+00
29	Documentos	0006_remove_documento_revision_plantilla_and_more	2024-04-07 03:21:50.365082+00
30	Documentos	0007_remove_formatospermitidos_id_documento	2024-04-07 05:12:32.397288+00
31	Documentos	0008_rename_revision_documento_revisador_and_more	2024-04-07 07:22:12.568111+00
32	Documentos	0009_documento_revision_de_plantilla_and_more	2024-04-07 07:44:34.573243+00
33	Documentos	0010_alter_documento_extension	2024-04-07 17:12:38.191296+00
34	Usuarios	0005_linea_codigo_linea	2024-04-07 18:25:00.828165+00
35	Documentos	0011_alter_plantilla_archivo_alter_plantilla_autor_and_more	2024-04-08 03:52:01.517385+00
36	Entrenamiento	0001_initial	2024-04-08 03:52:01.661927+00
37	Documentos	0012_alter_plantilla_archivo	2024-04-09 03:58:34.427677+00
38	Usuarios	0006_linea_area	2024-04-09 03:58:34.493608+00
39	Documentos	0013_alter_documentobloqueado_fecha_and_more	2024-04-26 02:47:36.070757+00
40	Entrenamiento	0002_remove_firma_liberador_firma_id_liberador_and_more	2024-04-26 02:47:36.146827+00
41	Usuarios	0007_alter_area_area	2024-04-26 02:47:36.153433+00
42	Documentos	0014_alter_documento_comentarios_and_more	2024-04-28 00:19:19.100306+00
43	Entrenamiento	0003_alter_firma_firma_alter_firma_id_liberador	2024-04-28 00:19:19.182032+00
44	Usuarios	0008_alter_departamento_departamento	2024-04-28 00:19:19.198929+00
45	Entrenamiento	0004_alter_entrenamientopuestonomenclatura_id_unidad_negocio_and_more	2024-05-06 00:13:18.81732+00
46	Entrenamiento	0005_alter_entrenamiento_calificacion_and_more	2024-05-06 02:22:56.741189+00
47	Entrenamiento	0006_alter_entrenamiento_fecha	2024-05-06 02:29:46.106425+00
48	Entrenamiento	0007_entrenamiento_estado	2024-05-14 01:43:39.692109+00
49	Usuarios	0009_alter_departamento_departamento_and_more	2024-05-16 02:42:50.473338+00
50	Usuarios	0010_alter_puesto_por_unidad_negocio	2024-05-16 03:36:38.875495+00
\.


--
-- Data for Name: django_session; Type: TABLE DATA; Schema: public; Owner: root
--

COPY public.django_session (session_key, session_data, expire_date) FROM stdin;
06uvaovtiofygc5p8iyjx067bntqdmo4	e30:1rlNDy:ZymzvYaaAipIUndKhV7HTML21EEkxNbz-HXiqaUOqqo	2024-03-30 06:08:54.32127+00
o623g307p3um6uggz6l2xwwhdfantkmd	.eJxVjDEOwjAMRe-SGUVK3DgtIztniBzbIQXUSk07Ie4OlTrA-t97_2USbWtNW9MljWLOxpnT75aJHzrtQO403WbL87QuY7a7Yg_a7HUWfV4O9--gUqvfOmIYUMVBp4Pjgog--5IjI3UQXF-IITAVL0IlAkUEQAbsO9XBSzDvD-RROBQ:1ru2OR:4t_V2c4S7cDPzlAzFKMUFSnDUrp_5hbQL0vYyeK0_t4	2024-04-23 03:43:31.5386+00
sbj3d7gbd7i9ijiyc3s4pvzbdrf6fm8w	.eJxVjDEOwjAMRe-SGUVK3DgtIztniBzbIQXUSk07Ie4OlTrA-t97_2USbWtNW9MljWLOxpnT75aJHzrtQO403WbL87QuY7a7Yg_a7HUWfV4O9--gUqvfOmIYUMVBp4Pjgog--5IjI3UQXF-IITAVL0IlAkUEQAbsO9XBSzDvD-RROBQ:1rnAl7:5oDtkgo1pOx9ZKGqyDbeloArtAlOSKvwrUr_5ioDVl4	2024-04-04 05:14:33.439848+00
eq8h9oky0u5tulofobfskn7t04b3m0tr	.eJxVjDEOwjAMRe-SGUVK3DgtIztniBzbIQXUSk07Ie4OlTrA-t97_2USbWtNW9MljWLOxpnT75aJHzrtQO403WbL87QuY7a7Yg_a7HUWfV4O9--gUqvfOmIYUMVBp4Pjgog--5IjI3UQXF-IITAVL0IlAkUEQAbsO9XBSzDvD-RROBQ:1ruNmc:pnYpTBsDreR3LAV1IDfmjuQ64ndc3dkHUcZOtVfC_wk	2024-04-24 02:33:54.338682+00
gl0yewlwzarwjcqovs0peq1ugpr4osi8	.eJxVjDEOwjAMRe-SGUVK3DgtIztniBzbIQXUSk07Ie4OlTrA-t97_2USbWtNW9MljWLOxpnT75aJHzrtQO403WbL87QuY7a7Yg_a7HUWfV4O9--gUqvfOmIYUMVBp4Pjgog--5IjI3UQXF-IITAVL0IlAkUEQAbsO9XBSzDvD-RROBQ:1ruOCU:GwxSUGtz3w_KRYt3FMgI1rgBJgSf75pp3OkEF7d8wvo	2024-04-24 03:00:38.758903+00
qq9febrbofd1qu5vc00780atfilha8wm	.eJxVjDEOwjAMRe-SGUVK3DgtIztniBzbIQXUSk07Ie4OlTrA-t97_2USbWtNW9MljWLOxpnT75aJHzrtQO403WbL87QuY7a7Yg_a7HUWfV4O9--gUqvfOmIYUMVBp4Pjgog--5IjI3UQXF-IITAVL0IlAkUEQAbsO9XBSzDvD-RROBQ:1ruOrW:18mykwtWGWpkrR4Ul5ibxRnP14sTZhhmSUbBCf41zA4	2024-04-24 03:43:02.08585+00
6i8mt5hg3fesm8ligvy6v00ce8yv6jkp	.eJxVjDEOwjAMRe-SGUVK3DgtIztniBzbIQXUSk07Ie4OlTrA-t97_2USbWtNW9MljWLOxpnT75aJHzrtQO403WbL87QuY7a7Yg_a7HUWfV4O9--gUqvfOmIYUMVBp4Pjgog--5IjI3UQXF-IITAVL0IlAkUEQAbsO9XBSzDvD-RROBQ:1ruj6l:CHqvfc0xsa4HkHhYnUKP_vpfsTNL8i3-b0rw82yY7y8	2024-04-25 01:20:07.815061+00
6pexisci0a275l9a9zm44vv6ej7bp8pq	.eJxVjDEOwjAMRe-SGUVK3DgtIztniBzbIQXUSk07Ie4OlTrA-t97_2USbWtNW9MljWLOxpnT75aJHzrtQO403WbL87QuY7a7Yg_a7HUWfV4O9--gUqvfOmIYUMVBp4Pjgog--5IjI3UQXF-IITAVL0IlAkUEQAbsO9XBSzDvD-RROBQ:1rumDF:3fkPKIhL-4mtRKXZZTQWNyBdJNKczPizz-ORA54B4cQ	2024-04-25 04:39:01.358392+00
jqmqwas964okzd92h3auj8uawqf09lte	.eJxVjDEOwjAMRe-SGUVK3DgtIztniBzbIQXUSk07Ie4OlTrA-t97_2USbWtNW9MljWLOxpnT75aJHzrtQO403WbL87QuY7a7Yg_a7HUWfV4O9--gUqvfOmIYUMVBp4Pjgog--5IjI3UQXF-IITAVL0IlAkUEQAbsO9XBSzDvD-RROBQ:1rv5pG:ohlU74FutpHi6RRGGjNSttbGjOMfHR9exngsFyVp6EE	2024-04-26 01:35:34.028703+00
l1bqamc6fluk481otwjy3v3msdpu7icd	.eJxVjDEOwjAMRe-SGUVK3DgtIztniBzbIQXUSk07Ie4OlTrA-t97_2USbWtNW9MljWLOxpnT75aJHzrtQO403WbL87QuY7a7Yg_a7HUWfV4O9--gUqvfOmIYUMVBp4Pjgog--5IjI3UQXF-IITAVL0IlAkUEQAbsO9XBSzDvD-RROBQ:1rpKOi:OLu9aCH5VeLauTUUdUT-CxTfsNbQPcEa3UZtGegTu2g	2024-04-10 03:56:20.306283+00
1mczq1xkbw57aiaehpf16tax1i4563n9	.eJxVjDEOwjAMRe-SGUVK3DgtIztniBzbIQXUSk07Ie4OlTrA-t97_2USbWtNW9MljWLOxpnT75aJHzrtQO403WbL87QuY7a7Yg_a7HUWfV4O9--gUqvfOmIYUMVBp4Pjgog--5IjI3UQXF-IITAVL0IlAkUEQAbsO9XBSzDvD-RROBQ:1rwx2k:yC5CvDkxuGkKJjVvNXLJ1cBjH2IjYB97EhEM1DuUXmU	2024-05-01 04:37:10.484478+00
5wve2puugqde80th9impm1ch2niq5slf	.eJxVjDEOwjAMRe-SGUVK3DgtIztniBzbIQXUSk07Ie4OlTrA-t97_2USbWtNW9MljWLOxpnT75aJHzrtQO403WbL87QuY7a7Yg_a7HUWfV4O9--gUqvfOmIYUMVBp4Pjgog--5IjI3UQXF-IITAVL0IlAkUEQAbsO9XBSzDvD-RROBQ:1rtG1s:pX-bOsn7TxWJPW_ApHPVzbHjNUEnWsl4UJEzfGVenHM	2024-04-21 00:05:00.996728+00
h2ej7zwcfvmtryiw6kj3gmj5a22jp565	.eJxVjFFLwzAUhf9KyPMMSdY2zd4U3NPGYBNfw01ya6NtUrpUBPG_m-IQfTuc7zvnkxpYcm-WK84meLqjsqGbv6UF94ZxJf4V4ktiLsU8B8tWhd3olR2Tx-Hh5v476OHal7XgXinoUIpGc62tboV2jaoqrrecY9XWWuHWVbUVGpXvGuS1VNLXHqzorC6nwRuYXR_eE93JekOHEBGMT24ZMeZS0sPakLa4OUzJeDTTADGHYYBC96fz8f7pdCk4woi_yxVd7g4t4YKcH58Z4ZLs0zxCTsQjmeYFLfyk5BfnQoqsbD_o1zeONGe8:1sCRh9:eP3DlB3fZi-h0UEJCotU1mIV4Uc6D0iRKQEjIOE1D8o	2024-06-12 22:22:55.060027+00
xnqxt7d55ej7v9lowv9cd8y8nru5ippl	.eJxdjksLwjAQhP-K5CyFJO3WetODJ0VQ72W72dhoSKWPk_jfTani4zgz3wxzFyUOfV0OHbelM2IppJh_exXSlcMYmAuGc5NQE_rWVcmIJK-0S3aNYb9-sT8DNXZ1bOeQFcBG6pQLSRYAVKVslRNgqjO5sEg6I7TKGLS5xhy0BtKwSJkLZbI46l1gnE6qKG8eQ--8x89vbPlLTXzHnolcE9BgDLajOfvt_yGb_WG3Ou2P78G_eBW9mRSPJ2KvZqQ:1rymtF:VLxKRd7wn1sFNQaxaAMVQq223kvLTkfoNHzI65OtHrg	2024-05-06 06:10:57.307951+00
y09fr2nkx0ex31xsqscc0deb5l2lpjgn	.eJxVjMtqwzAQRX9FaNVAK4_1sEyWgXSVQGmgW6PHTOwklopsr0r_vQ5kkW7vOff88M4tc98tE5ZuiHzLpeGvz6N34YrpTuLFpXMWIae5DF7cFfGgkzjmiLfdw_0X6N3Ur2-CxugA0ChPWgVjtEarpZVklAJDpibbtAqiJR-wlVHb4EEpH6hW4GiNpjz6gl3MYRkxzXmtViPGwVU0lNFN1fvp7SAZAPvcfwmo2UdZ0DtGeaVzZi92I74j8d8_iIxPTA:1s1Jbj:WABDmuO2yRP-EpXSh25MV6RBM9redJcqSCgM68b3AvY	2024-05-13 05:31:19.802507+00
\.


--
-- Data for Name: entrenamiento_entrenamiento; Type: TABLE DATA; Schema: public; Owner: root
--

COPY public.entrenamiento_entrenamiento (id, calificacion, fecha, id_documento_id, id_usuario_id) FROM stdin;
\.


--
-- Data for Name: entrenamiento_entrenamientopuestonomenclatura; Type: TABLE DATA; Schema: public; Owner: root
--

COPY public.entrenamiento_entrenamientopuestonomenclatura (id, estado, fecha_registro, nomenclatura, id_puesto_id, id_unidad_negocio_id) FROM stdin;
\.


--
-- Data for Name: entrenamiento_firma; Type: TABLE DATA; Schema: public; Owner: root
--

COPY public.entrenamiento_firma (id, liberador, firma, id_documento_id) FROM stdin;
\.


--
-- Name: Documentos_documento_id_seq; Type: SEQUENCE SET; Schema: public; Owner: root
--

SELECT pg_catalog.setval('public."Documentos_documento_id_seq"', 25, true);


--
-- Name: Documentos_documentobloqueado_id_seq; Type: SEQUENCE SET; Schema: public; Owner: root
--

SELECT pg_catalog.setval('public."Documentos_documentobloqueado_id_seq"', 22, true);


--
-- Name: Documentos_formatospermitidos_id_seq; Type: SEQUENCE SET; Schema: public; Owner: root
--

SELECT pg_catalog.setval('public."Documentos_formatospermitidos_id_seq"', 4, true);


--
-- Name: Documentos_historial_id_seq; Type: SEQUENCE SET; Schema: public; Owner: root
--

SELECT pg_catalog.setval('public."Documentos_historial_id_seq"', 64, true);


--
-- Name: Documentos_liberacion_id_seq; Type: SEQUENCE SET; Schema: public; Owner: root
--

SELECT pg_catalog.setval('public."Documentos_liberacion_id_seq"', 4, true);


--
-- Name: Documentos_plantilla_id_seq; Type: SEQUENCE SET; Schema: public; Owner: root
--

SELECT pg_catalog.setval('public."Documentos_plantilla_id_seq"', 6, true);


--
-- Name: Entrenamiento_entrenamiento_id_seq; Type: SEQUENCE SET; Schema: public; Owner: root
--

SELECT pg_catalog.setval('public."Entrenamiento_entrenamiento_id_seq"', 28, true);


--
-- Name: Entrenamiento_entrenamientopuestonomenclatura_id_seq; Type: SEQUENCE SET; Schema: public; Owner: root
--

SELECT pg_catalog.setval('public."Entrenamiento_entrenamientopuestonomenclatura_id_seq"', 32, true);


--
-- Name: Entrenamiento_firma_id_seq; Type: SEQUENCE SET; Schema: public; Owner: root
--

SELECT pg_catalog.setval('public."Entrenamiento_firma_id_seq"', 36, true);


--
-- Name: Usuarios_area_id_seq; Type: SEQUENCE SET; Schema: public; Owner: root
--

SELECT pg_catalog.setval('public."Usuarios_area_id_seq"', 5, true);


--
-- Name: Usuarios_departamento_id_seq; Type: SEQUENCE SET; Schema: public; Owner: root
--

SELECT pg_catalog.setval('public."Usuarios_departamento_id_seq"', 5, true);


--
-- Name: Usuarios_linea_id_seq; Type: SEQUENCE SET; Schema: public; Owner: root
--

SELECT pg_catalog.setval('public."Usuarios_linea_id_seq"', 13, true);


--
-- Name: Usuarios_perfilusuario_id_seq; Type: SEQUENCE SET; Schema: public; Owner: root
--

SELECT pg_catalog.setval('public."Usuarios_perfilusuario_id_seq"', 56, true);


--
-- Name: Usuarios_puesto_id_seq; Type: SEQUENCE SET; Schema: public; Owner: root
--

SELECT pg_catalog.setval('public."Usuarios_puesto_id_seq"', 24, true);


--
-- Name: Usuarios_unidadnegocio_id_seq; Type: SEQUENCE SET; Schema: public; Owner: root
--

SELECT pg_catalog.setval('public."Usuarios_unidadnegocio_id_seq"', 5, true);


--
-- Name: Usuarios_usuariopuesto_id_seq; Type: SEQUENCE SET; Schema: public; Owner: root
--

SELECT pg_catalog.setval('public."Usuarios_usuariopuesto_id_seq"', 30, true);


--
-- Name: auth_group_id_seq; Type: SEQUENCE SET; Schema: public; Owner: root
--

SELECT pg_catalog.setval('public.auth_group_id_seq', 1, false);


--
-- Name: auth_group_permissions_id_seq; Type: SEQUENCE SET; Schema: public; Owner: root
--

SELECT pg_catalog.setval('public.auth_group_permissions_id_seq', 1, false);


--
-- Name: auth_permission_id_seq; Type: SEQUENCE SET; Schema: public; Owner: root
--

SELECT pg_catalog.setval('public.auth_permission_id_seq', 100, true);


--
-- Name: auth_user_groups_id_seq; Type: SEQUENCE SET; Schema: public; Owner: root
--

SELECT pg_catalog.setval('public.auth_user_groups_id_seq', 1, false);


--
-- Name: auth_user_id_seq; Type: SEQUENCE SET; Schema: public; Owner: root
--

SELECT pg_catalog.setval('public.auth_user_id_seq', 41, true);


--
-- Name: auth_user_user_permissions_id_seq; Type: SEQUENCE SET; Schema: public; Owner: root
--

SELECT pg_catalog.setval('public.auth_user_user_permissions_id_seq', 1, false);


--
-- Name: django_admin_log_id_seq; Type: SEQUENCE SET; Schema: public; Owner: root
--

SELECT pg_catalog.setval('public.django_admin_log_id_seq', 90, true);


--
-- Name: django_content_type_id_seq; Type: SEQUENCE SET; Schema: public; Owner: root
--

SELECT pg_catalog.setval('public.django_content_type_id_seq', 25, true);


--
-- Name: django_migrations_id_seq; Type: SEQUENCE SET; Schema: public; Owner: root
--

SELECT pg_catalog.setval('public.django_migrations_id_seq', 50, true);


--
-- Name: entrenamiento_entrenamiento_id_seq; Type: SEQUENCE SET; Schema: public; Owner: root
--

SELECT pg_catalog.setval('public.entrenamiento_entrenamiento_id_seq', 1, false);


--
-- Name: entrenamiento_entrenamientopuestonomenclatura_id_seq; Type: SEQUENCE SET; Schema: public; Owner: root
--

SELECT pg_catalog.setval('public.entrenamiento_entrenamientopuestonomenclatura_id_seq', 1, false);


--
-- Name: entrenamiento_firma_id_seq; Type: SEQUENCE SET; Schema: public; Owner: root
--

SELECT pg_catalog.setval('public.entrenamiento_firma_id_seq', 1, false);


--
-- Name: Documentos_documento Documentos_documento_pkey; Type: CONSTRAINT; Schema: public; Owner: root
--

ALTER TABLE ONLY public."Documentos_documento"
    ADD CONSTRAINT "Documentos_documento_pkey" PRIMARY KEY (id);


--
-- Name: Documentos_documentobloqueado Documentos_documentobloqueado_pkey; Type: CONSTRAINT; Schema: public; Owner: root
--

ALTER TABLE ONLY public."Documentos_documentobloqueado"
    ADD CONSTRAINT "Documentos_documentobloqueado_pkey" PRIMARY KEY (id);


--
-- Name: Documentos_formatospermitidos Documentos_formatospermitidos_pkey; Type: CONSTRAINT; Schema: public; Owner: root
--

ALTER TABLE ONLY public."Documentos_formatospermitidos"
    ADD CONSTRAINT "Documentos_formatospermitidos_pkey" PRIMARY KEY (id);


--
-- Name: Documentos_historial Documentos_historial_pkey; Type: CONSTRAINT; Schema: public; Owner: root
--

ALTER TABLE ONLY public."Documentos_historial"
    ADD CONSTRAINT "Documentos_historial_pkey" PRIMARY KEY (id);


--
-- Name: Documentos_liberacion Documentos_liberacion_pkey; Type: CONSTRAINT; Schema: public; Owner: root
--

ALTER TABLE ONLY public."Documentos_liberacion"
    ADD CONSTRAINT "Documentos_liberacion_pkey" PRIMARY KEY (id);


--
-- Name: Documentos_plantilla Documentos_plantilla_pkey; Type: CONSTRAINT; Schema: public; Owner: root
--

ALTER TABLE ONLY public."Documentos_plantilla"
    ADD CONSTRAINT "Documentos_plantilla_pkey" PRIMARY KEY (id);


--
-- Name: Entrenamiento_entrenamiento Entrenamiento_entrenamiento_pkey; Type: CONSTRAINT; Schema: public; Owner: root
--

ALTER TABLE ONLY public."Entrenamiento_entrenamiento"
    ADD CONSTRAINT "Entrenamiento_entrenamiento_pkey" PRIMARY KEY (id);


--
-- Name: Entrenamiento_entrenamientopuestonomenclatura Entrenamiento_entrenamientopuestonomenclatura_pkey; Type: CONSTRAINT; Schema: public; Owner: root
--

ALTER TABLE ONLY public."Entrenamiento_entrenamientopuestonomenclatura"
    ADD CONSTRAINT "Entrenamiento_entrenamientopuestonomenclatura_pkey" PRIMARY KEY (id);


--
-- Name: Entrenamiento_firma Entrenamiento_firma_pkey; Type: CONSTRAINT; Schema: public; Owner: root
--

ALTER TABLE ONLY public."Entrenamiento_firma"
    ADD CONSTRAINT "Entrenamiento_firma_pkey" PRIMARY KEY (id);


--
-- Name: Usuarios_area Usuarios_area_pkey; Type: CONSTRAINT; Schema: public; Owner: root
--

ALTER TABLE ONLY public."Usuarios_area"
    ADD CONSTRAINT "Usuarios_area_pkey" PRIMARY KEY (id);


--
-- Name: Usuarios_departamento Usuarios_departamento_pkey; Type: CONSTRAINT; Schema: public; Owner: root
--

ALTER TABLE ONLY public."Usuarios_departamento"
    ADD CONSTRAINT "Usuarios_departamento_pkey" PRIMARY KEY (id);


--
-- Name: Usuarios_linea Usuarios_linea_pkey; Type: CONSTRAINT; Schema: public; Owner: root
--

ALTER TABLE ONLY public."Usuarios_linea"
    ADD CONSTRAINT "Usuarios_linea_pkey" PRIMARY KEY (id);


--
-- Name: Usuarios_perfilusuario Usuarios_perfilusuario_pkey; Type: CONSTRAINT; Schema: public; Owner: root
--

ALTER TABLE ONLY public."Usuarios_perfilusuario"
    ADD CONSTRAINT "Usuarios_perfilusuario_pkey" PRIMARY KEY (id);


--
-- Name: Usuarios_perfilusuario Usuarios_perfilusuario_user_id_key; Type: CONSTRAINT; Schema: public; Owner: root
--

ALTER TABLE ONLY public."Usuarios_perfilusuario"
    ADD CONSTRAINT "Usuarios_perfilusuario_user_id_key" UNIQUE (user_id);


--
-- Name: Usuarios_puesto Usuarios_puesto_pkey; Type: CONSTRAINT; Schema: public; Owner: root
--

ALTER TABLE ONLY public."Usuarios_puesto"
    ADD CONSTRAINT "Usuarios_puesto_pkey" PRIMARY KEY (id);


--
-- Name: Usuarios_unidadnegocio Usuarios_unidadnegocio_pkey; Type: CONSTRAINT; Schema: public; Owner: root
--

ALTER TABLE ONLY public."Usuarios_unidadnegocio"
    ADD CONSTRAINT "Usuarios_unidadnegocio_pkey" PRIMARY KEY (id);


--
-- Name: Usuarios_usuariopuesto Usuarios_usuariopuesto_pkey; Type: CONSTRAINT; Schema: public; Owner: root
--

ALTER TABLE ONLY public."Usuarios_usuariopuesto"
    ADD CONSTRAINT "Usuarios_usuariopuesto_pkey" PRIMARY KEY (id);


--
-- Name: Usuarios_usuariopuesto Usuarios_usuariopuesto_usuario_id_puesto_id_6c380f6c_uniq; Type: CONSTRAINT; Schema: public; Owner: root
--

ALTER TABLE ONLY public."Usuarios_usuariopuesto"
    ADD CONSTRAINT "Usuarios_usuariopuesto_usuario_id_puesto_id_6c380f6c_uniq" UNIQUE (usuario_id, puesto_id);


--
-- Name: auth_group auth_group_name_key; Type: CONSTRAINT; Schema: public; Owner: root
--

ALTER TABLE ONLY public.auth_group
    ADD CONSTRAINT auth_group_name_key UNIQUE (name);


--
-- Name: auth_group_permissions auth_group_permissions_group_id_permission_id_0cd325b0_uniq; Type: CONSTRAINT; Schema: public; Owner: root
--

ALTER TABLE ONLY public.auth_group_permissions
    ADD CONSTRAINT auth_group_permissions_group_id_permission_id_0cd325b0_uniq UNIQUE (group_id, permission_id);


--
-- Name: auth_group_permissions auth_group_permissions_pkey; Type: CONSTRAINT; Schema: public; Owner: root
--

ALTER TABLE ONLY public.auth_group_permissions
    ADD CONSTRAINT auth_group_permissions_pkey PRIMARY KEY (id);


--
-- Name: auth_group auth_group_pkey; Type: CONSTRAINT; Schema: public; Owner: root
--

ALTER TABLE ONLY public.auth_group
    ADD CONSTRAINT auth_group_pkey PRIMARY KEY (id);


--
-- Name: auth_permission auth_permission_content_type_id_codename_01ab375a_uniq; Type: CONSTRAINT; Schema: public; Owner: root
--

ALTER TABLE ONLY public.auth_permission
    ADD CONSTRAINT auth_permission_content_type_id_codename_01ab375a_uniq UNIQUE (content_type_id, codename);


--
-- Name: auth_permission auth_permission_pkey; Type: CONSTRAINT; Schema: public; Owner: root
--

ALTER TABLE ONLY public.auth_permission
    ADD CONSTRAINT auth_permission_pkey PRIMARY KEY (id);


--
-- Name: auth_user_groups auth_user_groups_pkey; Type: CONSTRAINT; Schema: public; Owner: root
--

ALTER TABLE ONLY public.auth_user_groups
    ADD CONSTRAINT auth_user_groups_pkey PRIMARY KEY (id);


--
-- Name: auth_user_groups auth_user_groups_user_id_group_id_94350c0c_uniq; Type: CONSTRAINT; Schema: public; Owner: root
--

ALTER TABLE ONLY public.auth_user_groups
    ADD CONSTRAINT auth_user_groups_user_id_group_id_94350c0c_uniq UNIQUE (user_id, group_id);


--
-- Name: auth_user auth_user_pkey; Type: CONSTRAINT; Schema: public; Owner: root
--

ALTER TABLE ONLY public.auth_user
    ADD CONSTRAINT auth_user_pkey PRIMARY KEY (id);


--
-- Name: auth_user_user_permissions auth_user_user_permissions_pkey; Type: CONSTRAINT; Schema: public; Owner: root
--

ALTER TABLE ONLY public.auth_user_user_permissions
    ADD CONSTRAINT auth_user_user_permissions_pkey PRIMARY KEY (id);


--
-- Name: auth_user_user_permissions auth_user_user_permissions_user_id_permission_id_14a6b632_uniq; Type: CONSTRAINT; Schema: public; Owner: root
--

ALTER TABLE ONLY public.auth_user_user_permissions
    ADD CONSTRAINT auth_user_user_permissions_user_id_permission_id_14a6b632_uniq UNIQUE (user_id, permission_id);


--
-- Name: auth_user auth_user_username_key; Type: CONSTRAINT; Schema: public; Owner: root
--

ALTER TABLE ONLY public.auth_user
    ADD CONSTRAINT auth_user_username_key UNIQUE (username);


--
-- Name: django_admin_log django_admin_log_pkey; Type: CONSTRAINT; Schema: public; Owner: root
--

ALTER TABLE ONLY public.django_admin_log
    ADD CONSTRAINT django_admin_log_pkey PRIMARY KEY (id);


--
-- Name: django_content_type django_content_type_app_label_model_76bd3d3b_uniq; Type: CONSTRAINT; Schema: public; Owner: root
--

ALTER TABLE ONLY public.django_content_type
    ADD CONSTRAINT django_content_type_app_label_model_76bd3d3b_uniq UNIQUE (app_label, model);


--
-- Name: django_content_type django_content_type_pkey; Type: CONSTRAINT; Schema: public; Owner: root
--

ALTER TABLE ONLY public.django_content_type
    ADD CONSTRAINT django_content_type_pkey PRIMARY KEY (id);


--
-- Name: django_migrations django_migrations_pkey; Type: CONSTRAINT; Schema: public; Owner: root
--

ALTER TABLE ONLY public.django_migrations
    ADD CONSTRAINT django_migrations_pkey PRIMARY KEY (id);


--
-- Name: django_session django_session_pkey; Type: CONSTRAINT; Schema: public; Owner: root
--

ALTER TABLE ONLY public.django_session
    ADD CONSTRAINT django_session_pkey PRIMARY KEY (session_key);


--
-- Name: entrenamiento_entrenamiento entrenamiento_entrenamiento_pkey; Type: CONSTRAINT; Schema: public; Owner: root
--

ALTER TABLE ONLY public.entrenamiento_entrenamiento
    ADD CONSTRAINT entrenamiento_entrenamiento_pkey PRIMARY KEY (id);


--
-- Name: entrenamiento_entrenamientopuestonomenclatura entrenamiento_entrenamientopuestonomenclatura_pkey; Type: CONSTRAINT; Schema: public; Owner: root
--

ALTER TABLE ONLY public.entrenamiento_entrenamientopuestonomenclatura
    ADD CONSTRAINT entrenamiento_entrenamientopuestonomenclatura_pkey PRIMARY KEY (id);


--
-- Name: entrenamiento_firma entrenamiento_firma_pkey; Type: CONSTRAINT; Schema: public; Owner: root
--

ALTER TABLE ONLY public.entrenamiento_firma
    ADD CONSTRAINT entrenamiento_firma_pkey PRIMARY KEY (id);


--
-- Name: Documentos_documento_aprobador_id_fdc13a95; Type: INDEX; Schema: public; Owner: root
--

CREATE INDEX "Documentos_documento_aprobador_id_fdc13a95" ON public."Documentos_documento" USING btree (aprobador_id);


--
-- Name: Documentos_documento_id_linea_id_e26c155c; Type: INDEX; Schema: public; Owner: root
--

CREATE INDEX "Documentos_documento_id_linea_id_e26c155c" ON public."Documentos_documento" USING btree (id_linea_id);


--
-- Name: Documentos_documento_id_plantilla_id_ba7faeff; Type: INDEX; Schema: public; Owner: root
--

CREATE INDEX "Documentos_documento_id_plantilla_id_ba7faeff" ON public."Documentos_documento" USING btree (id_plantilla_id);


--
-- Name: Documentos_documento_id_responsable_id_7035c824; Type: INDEX; Schema: public; Owner: root
--

CREATE INDEX "Documentos_documento_id_responsable_id_7035c824" ON public."Documentos_documento" USING btree (id_responsable_id);


--
-- Name: Documentos_documento_revisador_id_f96e314a; Type: INDEX; Schema: public; Owner: root
--

CREATE INDEX "Documentos_documento_revisador_id_f96e314a" ON public."Documentos_documento" USING btree (revisador_id);


--
-- Name: Documentos_documentobloqueado_id_responsable_id_1bb59d7a; Type: INDEX; Schema: public; Owner: root
--

CREATE INDEX "Documentos_documentobloqueado_id_responsable_id_1bb59d7a" ON public."Documentos_documentobloqueado" USING btree (id_responsable_id);


--
-- Name: Documentos_historial_id_documento_id_38fb1efb; Type: INDEX; Schema: public; Owner: root
--

CREATE INDEX "Documentos_historial_id_documento_id_38fb1efb" ON public."Documentos_historial" USING btree (id_documento_id);


--
-- Name: Documentos_historial_id_responsable_id_3b8877ae; Type: INDEX; Schema: public; Owner: root
--

CREATE INDEX "Documentos_historial_id_responsable_id_3b8877ae" ON public."Documentos_historial" USING btree (id_responsable_id);


--
-- Name: Documentos_plantilla_tipo_liberacion_id_5cf4744b; Type: INDEX; Schema: public; Owner: root
--

CREATE INDEX "Documentos_plantilla_tipo_liberacion_id_5cf4744b" ON public."Documentos_plantilla" USING btree (tipo_liberacion_id);


--
-- Name: Entrenamiento_entrenamient_id_puesto_id_c8b54863; Type: INDEX; Schema: public; Owner: root
--

CREATE INDEX "Entrenamiento_entrenamient_id_puesto_id_c8b54863" ON public."Entrenamiento_entrenamientopuestonomenclatura" USING btree (id_puesto_id);


--
-- Name: Entrenamiento_entrenamient_id_unidad_negocio_id_05c3ed72; Type: INDEX; Schema: public; Owner: root
--

CREATE INDEX "Entrenamiento_entrenamient_id_unidad_negocio_id_05c3ed72" ON public."Entrenamiento_entrenamientopuestonomenclatura" USING btree (id_unidad_negocio_id);


--
-- Name: Entrenamiento_entrenamiento_id_documento_id_0b8d3a56; Type: INDEX; Schema: public; Owner: root
--

CREATE INDEX "Entrenamiento_entrenamiento_id_documento_id_0b8d3a56" ON public."Entrenamiento_entrenamiento" USING btree (id_documento_id);


--
-- Name: Entrenamiento_entrenamiento_id_usuario_id_3bd25581; Type: INDEX; Schema: public; Owner: root
--

CREATE INDEX "Entrenamiento_entrenamiento_id_usuario_id_3bd25581" ON public."Entrenamiento_entrenamiento" USING btree (id_usuario_id);


--
-- Name: Entrenamiento_firma_id_documento_id_ad270a08; Type: INDEX; Schema: public; Owner: root
--

CREATE INDEX "Entrenamiento_firma_id_documento_id_ad270a08" ON public."Entrenamiento_firma" USING btree (id_documento_id);


--
-- Name: Entrenamiento_firma_id_liberador_id_1f5dcbcd; Type: INDEX; Schema: public; Owner: root
--

CREATE INDEX "Entrenamiento_firma_id_liberador_id_1f5dcbcd" ON public."Entrenamiento_firma" USING btree (id_liberador_id);


--
-- Name: Usuarios_departamento_id_area_id_0a5e218a; Type: INDEX; Schema: public; Owner: root
--

CREATE INDEX "Usuarios_departamento_id_area_id_0a5e218a" ON public."Usuarios_departamento" USING btree (id_area_id);


--
-- Name: Usuarios_linea_area_id_562f203f; Type: INDEX; Schema: public; Owner: root
--

CREATE INDEX "Usuarios_linea_area_id_562f203f" ON public."Usuarios_linea" USING btree (area_id);


--
-- Name: Usuarios_puesto_id_departamento_id_0b128bf3; Type: INDEX; Schema: public; Owner: root
--

CREATE INDEX "Usuarios_puesto_id_departamento_id_0b128bf3" ON public."Usuarios_puesto" USING btree (id_departamento_id);


--
-- Name: Usuarios_puesto_por_unidad_negocio_id_a0c8c49f; Type: INDEX; Schema: public; Owner: root
--

CREATE INDEX "Usuarios_puesto_por_unidad_negocio_id_a0c8c49f" ON public."Usuarios_puesto" USING btree (por_unidad_negocio_id);


--
-- Name: Usuarios_usuariopuesto_puesto_id_b72553ad; Type: INDEX; Schema: public; Owner: root
--

CREATE INDEX "Usuarios_usuariopuesto_puesto_id_b72553ad" ON public."Usuarios_usuariopuesto" USING btree (puesto_id);


--
-- Name: Usuarios_usuariopuesto_usuario_id_3e710704; Type: INDEX; Schema: public; Owner: root
--

CREATE INDEX "Usuarios_usuariopuesto_usuario_id_3e710704" ON public."Usuarios_usuariopuesto" USING btree (usuario_id);


--
-- Name: auth_group_name_a6ea08ec_like; Type: INDEX; Schema: public; Owner: root
--

CREATE INDEX auth_group_name_a6ea08ec_like ON public.auth_group USING btree (name varchar_pattern_ops);


--
-- Name: auth_group_permissions_group_id_b120cbf9; Type: INDEX; Schema: public; Owner: root
--

CREATE INDEX auth_group_permissions_group_id_b120cbf9 ON public.auth_group_permissions USING btree (group_id);


--
-- Name: auth_group_permissions_permission_id_84c5c92e; Type: INDEX; Schema: public; Owner: root
--

CREATE INDEX auth_group_permissions_permission_id_84c5c92e ON public.auth_group_permissions USING btree (permission_id);


--
-- Name: auth_permission_content_type_id_2f476e4b; Type: INDEX; Schema: public; Owner: root
--

CREATE INDEX auth_permission_content_type_id_2f476e4b ON public.auth_permission USING btree (content_type_id);


--
-- Name: auth_user_groups_group_id_97559544; Type: INDEX; Schema: public; Owner: root
--

CREATE INDEX auth_user_groups_group_id_97559544 ON public.auth_user_groups USING btree (group_id);


--
-- Name: auth_user_groups_user_id_6a12ed8b; Type: INDEX; Schema: public; Owner: root
--

CREATE INDEX auth_user_groups_user_id_6a12ed8b ON public.auth_user_groups USING btree (user_id);


--
-- Name: auth_user_user_permissions_permission_id_1fbb5f2c; Type: INDEX; Schema: public; Owner: root
--

CREATE INDEX auth_user_user_permissions_permission_id_1fbb5f2c ON public.auth_user_user_permissions USING btree (permission_id);


--
-- Name: auth_user_user_permissions_user_id_a95ead1b; Type: INDEX; Schema: public; Owner: root
--

CREATE INDEX auth_user_user_permissions_user_id_a95ead1b ON public.auth_user_user_permissions USING btree (user_id);


--
-- Name: auth_user_username_6821ab7c_like; Type: INDEX; Schema: public; Owner: root
--

CREATE INDEX auth_user_username_6821ab7c_like ON public.auth_user USING btree (username varchar_pattern_ops);


--
-- Name: django_admin_log_content_type_id_c4bce8eb; Type: INDEX; Schema: public; Owner: root
--

CREATE INDEX django_admin_log_content_type_id_c4bce8eb ON public.django_admin_log USING btree (content_type_id);


--
-- Name: django_admin_log_user_id_c564eba6; Type: INDEX; Schema: public; Owner: root
--

CREATE INDEX django_admin_log_user_id_c564eba6 ON public.django_admin_log USING btree (user_id);


--
-- Name: django_session_expire_date_a5c62663; Type: INDEX; Schema: public; Owner: root
--

CREATE INDEX django_session_expire_date_a5c62663 ON public.django_session USING btree (expire_date);


--
-- Name: django_session_session_key_c0390e0f_like; Type: INDEX; Schema: public; Owner: root
--

CREATE INDEX django_session_session_key_c0390e0f_like ON public.django_session USING btree (session_key varchar_pattern_ops);


--
-- Name: entrenamiento_entrenamient_id_puesto_id_50a22bd1; Type: INDEX; Schema: public; Owner: root
--

CREATE INDEX entrenamiento_entrenamient_id_puesto_id_50a22bd1 ON public.entrenamiento_entrenamientopuestonomenclatura USING btree (id_puesto_id);


--
-- Name: entrenamiento_entrenamient_id_unidad_negocio_id_d2d227d0; Type: INDEX; Schema: public; Owner: root
--

CREATE INDEX entrenamiento_entrenamient_id_unidad_negocio_id_d2d227d0 ON public.entrenamiento_entrenamientopuestonomenclatura USING btree (id_unidad_negocio_id);


--
-- Name: entrenamiento_entrenamiento_id_documento_id_f42f3d0e; Type: INDEX; Schema: public; Owner: root
--

CREATE INDEX entrenamiento_entrenamiento_id_documento_id_f42f3d0e ON public.entrenamiento_entrenamiento USING btree (id_documento_id);


--
-- Name: entrenamiento_entrenamiento_id_usuario_id_38017a96; Type: INDEX; Schema: public; Owner: root
--

CREATE INDEX entrenamiento_entrenamiento_id_usuario_id_38017a96 ON public.entrenamiento_entrenamiento USING btree (id_usuario_id);


--
-- Name: entrenamiento_firma_id_documento_id_ab995eb4; Type: INDEX; Schema: public; Owner: root
--

CREATE INDEX entrenamiento_firma_id_documento_id_ab995eb4 ON public.entrenamiento_firma USING btree (id_documento_id);


--
-- Name: Documentos_documento Documentos_documento_aprobador_id_fdc13a95_fk_auth_user_id; Type: FK CONSTRAINT; Schema: public; Owner: root
--

ALTER TABLE ONLY public."Documentos_documento"
    ADD CONSTRAINT "Documentos_documento_aprobador_id_fdc13a95_fk_auth_user_id" FOREIGN KEY (aprobador_id) REFERENCES public.auth_user(id) DEFERRABLE INITIALLY DEFERRED;


--
-- Name: Documentos_documento Documentos_documento_id_linea_id_e26c155c_fk_Usuarios_linea_id; Type: FK CONSTRAINT; Schema: public; Owner: root
--

ALTER TABLE ONLY public."Documentos_documento"
    ADD CONSTRAINT "Documentos_documento_id_linea_id_e26c155c_fk_Usuarios_linea_id" FOREIGN KEY (id_linea_id) REFERENCES public."Usuarios_linea"(id) DEFERRABLE INITIALLY DEFERRED;


--
-- Name: Documentos_documento Documentos_documento_id_plantilla_id_ba7faeff_fk_Documento; Type: FK CONSTRAINT; Schema: public; Owner: root
--

ALTER TABLE ONLY public."Documentos_documento"
    ADD CONSTRAINT "Documentos_documento_id_plantilla_id_ba7faeff_fk_Documento" FOREIGN KEY (id_plantilla_id) REFERENCES public."Documentos_plantilla"(id) DEFERRABLE INITIALLY DEFERRED;


--
-- Name: Documentos_documentobloqueado Documentos_documento_id_responsable_id_1bb59d7a_fk_auth_user; Type: FK CONSTRAINT; Schema: public; Owner: root
--

ALTER TABLE ONLY public."Documentos_documentobloqueado"
    ADD CONSTRAINT "Documentos_documento_id_responsable_id_1bb59d7a_fk_auth_user" FOREIGN KEY (id_responsable_id) REFERENCES public.auth_user(id) DEFERRABLE INITIALLY DEFERRED;


--
-- Name: Documentos_documento Documentos_documento_id_responsable_id_7035c824_fk_auth_user_id; Type: FK CONSTRAINT; Schema: public; Owner: root
--

ALTER TABLE ONLY public."Documentos_documento"
    ADD CONSTRAINT "Documentos_documento_id_responsable_id_7035c824_fk_auth_user_id" FOREIGN KEY (id_responsable_id) REFERENCES public.auth_user(id) DEFERRABLE INITIALLY DEFERRED;


--
-- Name: Documentos_documento Documentos_documento_revisador_id_f96e314a_fk_auth_user_id; Type: FK CONSTRAINT; Schema: public; Owner: root
--

ALTER TABLE ONLY public."Documentos_documento"
    ADD CONSTRAINT "Documentos_documento_revisador_id_f96e314a_fk_auth_user_id" FOREIGN KEY (revisador_id) REFERENCES public.auth_user(id) DEFERRABLE INITIALLY DEFERRED;


--
-- Name: Documentos_historial Documentos_historial_id_documento_id_38fb1efb_fk_Documento; Type: FK CONSTRAINT; Schema: public; Owner: root
--

ALTER TABLE ONLY public."Documentos_historial"
    ADD CONSTRAINT "Documentos_historial_id_documento_id_38fb1efb_fk_Documento" FOREIGN KEY (id_documento_id) REFERENCES public."Documentos_documento"(id) DEFERRABLE INITIALLY DEFERRED;


--
-- Name: Documentos_historial Documentos_historial_id_responsable_id_3b8877ae_fk_auth_user_id; Type: FK CONSTRAINT; Schema: public; Owner: root
--

ALTER TABLE ONLY public."Documentos_historial"
    ADD CONSTRAINT "Documentos_historial_id_responsable_id_3b8877ae_fk_auth_user_id" FOREIGN KEY (id_responsable_id) REFERENCES public.auth_user(id) DEFERRABLE INITIALLY DEFERRED;


--
-- Name: Documentos_plantilla Documentos_plantilla_tipo_liberacion_id_5cf4744b_fk_Documento; Type: FK CONSTRAINT; Schema: public; Owner: root
--

ALTER TABLE ONLY public."Documentos_plantilla"
    ADD CONSTRAINT "Documentos_plantilla_tipo_liberacion_id_5cf4744b_fk_Documento" FOREIGN KEY (tipo_liberacion_id) REFERENCES public."Documentos_liberacion"(id) DEFERRABLE INITIALLY DEFERRED;


--
-- Name: Entrenamiento_entrenamiento Entrenamiento_entren_id_documento_id_0b8d3a56_fk_Documento; Type: FK CONSTRAINT; Schema: public; Owner: root
--

ALTER TABLE ONLY public."Entrenamiento_entrenamiento"
    ADD CONSTRAINT "Entrenamiento_entren_id_documento_id_0b8d3a56_fk_Documento" FOREIGN KEY (id_documento_id) REFERENCES public."Documentos_documento"(id) DEFERRABLE INITIALLY DEFERRED;


--
-- Name: Entrenamiento_entrenamientopuestonomenclatura Entrenamiento_entren_id_puesto_id_c8b54863_fk_Usuarios_; Type: FK CONSTRAINT; Schema: public; Owner: root
--

ALTER TABLE ONLY public."Entrenamiento_entrenamientopuestonomenclatura"
    ADD CONSTRAINT "Entrenamiento_entren_id_puesto_id_c8b54863_fk_Usuarios_" FOREIGN KEY (id_puesto_id) REFERENCES public."Usuarios_puesto"(id) DEFERRABLE INITIALLY DEFERRED;


--
-- Name: Entrenamiento_entrenamientopuestonomenclatura Entrenamiento_entren_id_unidad_negocio_id_05c3ed72_fk_Usuarios_; Type: FK CONSTRAINT; Schema: public; Owner: root
--

ALTER TABLE ONLY public."Entrenamiento_entrenamientopuestonomenclatura"
    ADD CONSTRAINT "Entrenamiento_entren_id_unidad_negocio_id_05c3ed72_fk_Usuarios_" FOREIGN KEY (id_unidad_negocio_id) REFERENCES public."Usuarios_unidadnegocio"(id) DEFERRABLE INITIALLY DEFERRED;


--
-- Name: Entrenamiento_entrenamiento Entrenamiento_entren_id_usuario_id_3bd25581_fk_auth_user; Type: FK CONSTRAINT; Schema: public; Owner: root
--

ALTER TABLE ONLY public."Entrenamiento_entrenamiento"
    ADD CONSTRAINT "Entrenamiento_entren_id_usuario_id_3bd25581_fk_auth_user" FOREIGN KEY (id_usuario_id) REFERENCES public.auth_user(id) DEFERRABLE INITIALLY DEFERRED;


--
-- Name: Entrenamiento_firma Entrenamiento_firma_id_documento_id_ad270a08_fk_Documento; Type: FK CONSTRAINT; Schema: public; Owner: root
--

ALTER TABLE ONLY public."Entrenamiento_firma"
    ADD CONSTRAINT "Entrenamiento_firma_id_documento_id_ad270a08_fk_Documento" FOREIGN KEY (id_documento_id) REFERENCES public."Documentos_documento"(id) DEFERRABLE INITIALLY DEFERRED;


--
-- Name: Entrenamiento_firma Entrenamiento_firma_id_liberador_id_1f5dcbcd_fk_auth_user_id; Type: FK CONSTRAINT; Schema: public; Owner: root
--

ALTER TABLE ONLY public."Entrenamiento_firma"
    ADD CONSTRAINT "Entrenamiento_firma_id_liberador_id_1f5dcbcd_fk_auth_user_id" FOREIGN KEY (id_liberador_id) REFERENCES public.auth_user(id) DEFERRABLE INITIALLY DEFERRED;


--
-- Name: Usuarios_departamento Usuarios_departamento_id_area_id_0a5e218a_fk_Usuarios_area_id; Type: FK CONSTRAINT; Schema: public; Owner: root
--

ALTER TABLE ONLY public."Usuarios_departamento"
    ADD CONSTRAINT "Usuarios_departamento_id_area_id_0a5e218a_fk_Usuarios_area_id" FOREIGN KEY (id_area_id) REFERENCES public."Usuarios_area"(id) DEFERRABLE INITIALLY DEFERRED;


--
-- Name: Usuarios_linea Usuarios_linea_area_id_562f203f_fk_Usuarios_area_id; Type: FK CONSTRAINT; Schema: public; Owner: root
--

ALTER TABLE ONLY public."Usuarios_linea"
    ADD CONSTRAINT "Usuarios_linea_area_id_562f203f_fk_Usuarios_area_id" FOREIGN KEY (area_id) REFERENCES public."Usuarios_area"(id) DEFERRABLE INITIALLY DEFERRED;


--
-- Name: Usuarios_perfilusuario Usuarios_perfilusuario_user_id_5625c6d2_fk_auth_user_id; Type: FK CONSTRAINT; Schema: public; Owner: root
--

ALTER TABLE ONLY public."Usuarios_perfilusuario"
    ADD CONSTRAINT "Usuarios_perfilusuario_user_id_5625c6d2_fk_auth_user_id" FOREIGN KEY (user_id) REFERENCES public.auth_user(id) DEFERRABLE INITIALLY DEFERRED;


--
-- Name: Usuarios_puesto Usuarios_puesto_id_departamento_id_0b128bf3_fk_Usuarios_; Type: FK CONSTRAINT; Schema: public; Owner: root
--

ALTER TABLE ONLY public."Usuarios_puesto"
    ADD CONSTRAINT "Usuarios_puesto_id_departamento_id_0b128bf3_fk_Usuarios_" FOREIGN KEY (id_departamento_id) REFERENCES public."Usuarios_departamento"(id) DEFERRABLE INITIALLY DEFERRED;


--
-- Name: Usuarios_puesto Usuarios_puesto_por_unidad_negocio_i_a0c8c49f_fk_Usuarios_; Type: FK CONSTRAINT; Schema: public; Owner: root
--

ALTER TABLE ONLY public."Usuarios_puesto"
    ADD CONSTRAINT "Usuarios_puesto_por_unidad_negocio_i_a0c8c49f_fk_Usuarios_" FOREIGN KEY (por_unidad_negocio_id) REFERENCES public."Usuarios_unidadnegocio"(id) DEFERRABLE INITIALLY DEFERRED;


--
-- Name: Usuarios_usuariopuesto Usuarios_usuariopuesto_puesto_id_b72553ad_fk_Usuarios_puesto_id; Type: FK CONSTRAINT; Schema: public; Owner: root
--

ALTER TABLE ONLY public."Usuarios_usuariopuesto"
    ADD CONSTRAINT "Usuarios_usuariopuesto_puesto_id_b72553ad_fk_Usuarios_puesto_id" FOREIGN KEY (puesto_id) REFERENCES public."Usuarios_puesto"(id) DEFERRABLE INITIALLY DEFERRED;


--
-- Name: Usuarios_usuariopuesto Usuarios_usuariopuesto_usuario_id_3e710704_fk_auth_user_id; Type: FK CONSTRAINT; Schema: public; Owner: root
--

ALTER TABLE ONLY public."Usuarios_usuariopuesto"
    ADD CONSTRAINT "Usuarios_usuariopuesto_usuario_id_3e710704_fk_auth_user_id" FOREIGN KEY (usuario_id) REFERENCES public.auth_user(id) DEFERRABLE INITIALLY DEFERRED;


--
-- Name: auth_group_permissions auth_group_permissio_permission_id_84c5c92e_fk_auth_perm; Type: FK CONSTRAINT; Schema: public; Owner: root
--

ALTER TABLE ONLY public.auth_group_permissions
    ADD CONSTRAINT auth_group_permissio_permission_id_84c5c92e_fk_auth_perm FOREIGN KEY (permission_id) REFERENCES public.auth_permission(id) DEFERRABLE INITIALLY DEFERRED;


--
-- Name: auth_group_permissions auth_group_permissions_group_id_b120cbf9_fk_auth_group_id; Type: FK CONSTRAINT; Schema: public; Owner: root
--

ALTER TABLE ONLY public.auth_group_permissions
    ADD CONSTRAINT auth_group_permissions_group_id_b120cbf9_fk_auth_group_id FOREIGN KEY (group_id) REFERENCES public.auth_group(id) DEFERRABLE INITIALLY DEFERRED;


--
-- Name: auth_permission auth_permission_content_type_id_2f476e4b_fk_django_co; Type: FK CONSTRAINT; Schema: public; Owner: root
--

ALTER TABLE ONLY public.auth_permission
    ADD CONSTRAINT auth_permission_content_type_id_2f476e4b_fk_django_co FOREIGN KEY (content_type_id) REFERENCES public.django_content_type(id) DEFERRABLE INITIALLY DEFERRED;


--
-- Name: auth_user_groups auth_user_groups_group_id_97559544_fk_auth_group_id; Type: FK CONSTRAINT; Schema: public; Owner: root
--

ALTER TABLE ONLY public.auth_user_groups
    ADD CONSTRAINT auth_user_groups_group_id_97559544_fk_auth_group_id FOREIGN KEY (group_id) REFERENCES public.auth_group(id) DEFERRABLE INITIALLY DEFERRED;


--
-- Name: auth_user_groups auth_user_groups_user_id_6a12ed8b_fk_auth_user_id; Type: FK CONSTRAINT; Schema: public; Owner: root
--

ALTER TABLE ONLY public.auth_user_groups
    ADD CONSTRAINT auth_user_groups_user_id_6a12ed8b_fk_auth_user_id FOREIGN KEY (user_id) REFERENCES public.auth_user(id) DEFERRABLE INITIALLY DEFERRED;


--
-- Name: auth_user_user_permissions auth_user_user_permi_permission_id_1fbb5f2c_fk_auth_perm; Type: FK CONSTRAINT; Schema: public; Owner: root
--

ALTER TABLE ONLY public.auth_user_user_permissions
    ADD CONSTRAINT auth_user_user_permi_permission_id_1fbb5f2c_fk_auth_perm FOREIGN KEY (permission_id) REFERENCES public.auth_permission(id) DEFERRABLE INITIALLY DEFERRED;


--
-- Name: auth_user_user_permissions auth_user_user_permissions_user_id_a95ead1b_fk_auth_user_id; Type: FK CONSTRAINT; Schema: public; Owner: root
--

ALTER TABLE ONLY public.auth_user_user_permissions
    ADD CONSTRAINT auth_user_user_permissions_user_id_a95ead1b_fk_auth_user_id FOREIGN KEY (user_id) REFERENCES public.auth_user(id) DEFERRABLE INITIALLY DEFERRED;


--
-- Name: django_admin_log django_admin_log_content_type_id_c4bce8eb_fk_django_co; Type: FK CONSTRAINT; Schema: public; Owner: root
--

ALTER TABLE ONLY public.django_admin_log
    ADD CONSTRAINT django_admin_log_content_type_id_c4bce8eb_fk_django_co FOREIGN KEY (content_type_id) REFERENCES public.django_content_type(id) DEFERRABLE INITIALLY DEFERRED;


--
-- Name: django_admin_log django_admin_log_user_id_c564eba6_fk_auth_user_id; Type: FK CONSTRAINT; Schema: public; Owner: root
--

ALTER TABLE ONLY public.django_admin_log
    ADD CONSTRAINT django_admin_log_user_id_c564eba6_fk_auth_user_id FOREIGN KEY (user_id) REFERENCES public.auth_user(id) DEFERRABLE INITIALLY DEFERRED;


--
-- Name: entrenamiento_entrenamiento entrenamiento_entren_id_documento_id_f42f3d0e_fk_Documento; Type: FK CONSTRAINT; Schema: public; Owner: root
--

ALTER TABLE ONLY public.entrenamiento_entrenamiento
    ADD CONSTRAINT "entrenamiento_entren_id_documento_id_f42f3d0e_fk_Documento" FOREIGN KEY (id_documento_id) REFERENCES public."Documentos_documento"(id) DEFERRABLE INITIALLY DEFERRED;


--
-- Name: entrenamiento_entrenamientopuestonomenclatura entrenamiento_entren_id_puesto_id_50a22bd1_fk_Usuarios_; Type: FK CONSTRAINT; Schema: public; Owner: root
--

ALTER TABLE ONLY public.entrenamiento_entrenamientopuestonomenclatura
    ADD CONSTRAINT "entrenamiento_entren_id_puesto_id_50a22bd1_fk_Usuarios_" FOREIGN KEY (id_puesto_id) REFERENCES public."Usuarios_puesto"(id) DEFERRABLE INITIALLY DEFERRED;


--
-- Name: entrenamiento_entrenamientopuestonomenclatura entrenamiento_entren_id_unidad_negocio_id_d2d227d0_fk_Usuarios_; Type: FK CONSTRAINT; Schema: public; Owner: root
--

ALTER TABLE ONLY public.entrenamiento_entrenamientopuestonomenclatura
    ADD CONSTRAINT "entrenamiento_entren_id_unidad_negocio_id_d2d227d0_fk_Usuarios_" FOREIGN KEY (id_unidad_negocio_id) REFERENCES public."Usuarios_unidadnegocio"(id) DEFERRABLE INITIALLY DEFERRED;


--
-- Name: entrenamiento_entrenamiento entrenamiento_entren_id_usuario_id_38017a96_fk_auth_user; Type: FK CONSTRAINT; Schema: public; Owner: root
--

ALTER TABLE ONLY public.entrenamiento_entrenamiento
    ADD CONSTRAINT entrenamiento_entren_id_usuario_id_38017a96_fk_auth_user FOREIGN KEY (id_usuario_id) REFERENCES public.auth_user(id) DEFERRABLE INITIALLY DEFERRED;


--
-- Name: entrenamiento_firma entrenamiento_firma_id_documento_id_ab995eb4_fk_Documento; Type: FK CONSTRAINT; Schema: public; Owner: root
--

ALTER TABLE ONLY public.entrenamiento_firma
    ADD CONSTRAINT "entrenamiento_firma_id_documento_id_ab995eb4_fk_Documento" FOREIGN KEY (id_documento_id) REFERENCES public."Documentos_documento"(id) DEFERRABLE INITIALLY DEFERRED;


--
-- PostgreSQL database dump complete
--

